Workbook

Sheet AIO
A1: Today: | B1: =TEXT(TODAY(),"DDDD, MMMM DD, YYYY") -> Monday, June 08, 2026 | G1: Day's left | H1: =TEXT(MAX(0, M1 - TODAY()), "0") & " days available" -> 0 days available | L1: exam date | M1: =DATE(2026, 5, 12) -> 46154
P2: =COUNTIF('lesson-database'!$D:$D,0)+COUNTIF('lesson-database'!$D:$D,1) -> 89
A3: 🔥 DUE TODAY | C3: 📆 TOMORROW | F3: 📈 THIS WEEK | H3: ⏱️ TIME TODAY
A4: =COUNTIFS('lesson-database'!$A$2:$A$10000,"<>", 'lesson-database'!$G$2:$G$10000,">="&DATE(2024,1,1), 'lesson-database'!$G$2:$G$10000,"<="&TODAY()) -> 10 | C4: =COUNTIF('lesson-database'!$G:$G,TODAY()+1) -> 0 | F4: =SUMPRODUCT(('lesson-database'!$G:$G>=TODAY())*('lesson-database'!$G:$G<=TODAY()+7)*('lesson-database'!$A:$A<>"")) -> 0 | H4: =ROUND(A4*30/60,1)&" hrs" -> 5 hrs | L4: 🚨 early bird (How much a lesson is old)
L5: Severity | M5: Count | N5: Days | O5: Action
A6: 📚 TOP SUBJECTS | L6: 🟠 High | M6: =COUNTIFS('lesson-database'!$G:$G,"<"&TODAY()-5,'lesson-database'!$G:$G,">="&TODAY()-10) -> 0 | N6: 5-9 days | O6: Priority
A7: Module | B7: Subject | C7: Total | D7: started | E7: % | L7: 🟡 Medium | M7: =COUNTIFS('lesson-database'!$G:$G,"<"&TODAY()-1,'lesson-database'!$G:$G,">="&TODAY()-5) -> 1 | N7: 2-4 days | O7: Soon
A8: Traumato | B8: Tramatologie | C8: =COUNTIF('lesson-database'!$A:$A,B8) -> 0 | D8: =COUNTIFS('lesson-database'!$A:$A, B8, 'lesson-database'!$E:$E, "<>") -> 0 | E8: =D8/C8 -> #DIV/0! | L8: 🟢 Today | M8: =COUNTIF('lesson-database'!$G:$G,TODAY()) -> 0 | N8: 0 days | O8: Study Now
B9: Rhumatologie | C9: =COUNTIF('lesson-database'!$A:$A,B9) -> 0 | D9: =COUNTIFS('lesson-database'!$A:$A, B9, 'lesson-database'!$E:$E, "<>") -> 0 | E9: =D9/C9 -> #DIV/0!
B10: MPR | C10: =COUNTIF('lesson-database'!$A:$A,B10) -> 0 | D10: =COUNTIFS('lesson-database'!$A:$A, B10, 'lesson-database'!$E:$E, "<>") -> 0 | E10: =D10/C10 -> #DIV/0! | L10: 🎓 MASTERY DISTRIBUTION
A11: Anapath | B11: Anatomopathologie | C11: =COUNTIF('lesson-database'!$A:$A,B11) -> 0 | D11: =COUNTIFS('lesson-database'!$A:$A, B11, 'lesson-database'!$E:$E, "<>") -> 0 | E11: =D11/C11 -> #DIV/0! | L11: Level | M11: Count | N11: % | O11: Status
A12: Med interne | B12: Maladies de système | C12: =COUNTIF('lesson-database'!$A:$A,B12) -> 0 | D12: =COUNTIFS('lesson-database'!$A:$A, B12, 'lesson-database'!$E:$E, "<>") -> 0 | E12: =D12/C12 -> #DIV/0! | L12: 0-2 (Weak) | M12: =COUNTIF('lesson-database'!$D:$D,0)+COUNTIF('lesson-database'!$D:$D,1)+COUNTIF('lesson-database'!$D:$D,2) -> 91 | N12: =IF(COUNTA('lesson-database'!$D:$D)=0,0,M12/COUNTA('lesson-database'!$D:$D)) -> 0.98913043 | O12: 🔴 you learnt something please try again
B13: Génétique | C13: =COUNTIF('lesson-database'!$A:$A,B13) -> 0 | D13: =COUNTIFS('lesson-database'!$A:$A, B13, 'lesson-database'!$E:$E, "<>") -> 0 | E13: =D13/C13 -> #DIV/0! | L13: 3-4 (Learning) | M13: =COUNTIF('lesson-database'!$D:$D,3)+COUNTIF('lesson-database'!$D:$D,4) -> 0 | N13: =IF(COUNTA('lesson-database'!$D:$D)=0,0,M13/COUNTA('lesson-database'!$D:$D)) -> 0 | O13: 🟡 Developing
B14: Immuno | C14: =COUNTIF('lesson-database'!$A:$A,B14) -> 0 | D14: =COUNTIFS('lesson-database'!$A:$A, B14, 'lesson-database'!$E:$E, "<>") -> 0 | E14: =D14/C14 -> #DIV/0! | L14: 5-6 (Strong) | M14: =COUNTIF('lesson-database'!$D:$D,5)+COUNTIF('lesson-database'!$D:$D,6) -> 0 | N14: =IF(COUNTA('lesson-database'!$D:$D)=0,0,M14/COUNTA('lesson-database'!$D:$D)) -> 0 | O14: 🟢 Good
B15: TOTAUX | C15: =SUM(C8:C14) -> 0 | D15: =SUM(D8:D14) -> 0 | E15: =D15/C15 -> #DIV/0! | L15: 7 (Mastered) | M15: =COUNTIF('lesson-database'!$D:$D,7) -> 0 | N15: =IF(COUNTA('lesson-database'!$D:$D)=0,0,M15/COUNTA('lesson-database'!$D:$D)) -> 0 | O15: ✅ Excellent
G18: 📅 7-DAY WORKLOAD
G19: Day | H19: Lessons | I19: Load
F20: Today | G20: =TEXT(TODAY(),"ddd MM/DD") -> Mon 06/08 | H20: =COUNTIF('lesson-database'!$G:$G,TODAY()) -> 0 | I20: =IF(H20>12,"🔴 Heavy",IF(H20>5,"🟡 Busy","🟢 Light")) -> 🟢 Light
F21: Tomorrow | G21: =TEXT(TODAY()+1,"ddd MM/DD") -> Tue 06/09 | H21: =COUNTIF('lesson-database'!$G:$G,TODAY()+1) -> 0 | I21: =IF(H21>12,"🔴 Heavy",IF(H21>5,"🟡 Busy","🟢 Light")) -> 🟢 Light
F22: J+2 | G22: =TEXT(TODAY()+2,"ddd MM/DD") -> Wed 06/10 | H22: =COUNTIF('lesson-database'!$G:$G,TODAY()+2) -> 0 | I22: =IF(H22>12,"🔴 Heavy",IF(H22>5,"🟡 Busy","🟢 Light")) -> 🟢 Light
F23: J+3 | G23: =TEXT(TODAY()+3,"ddd MM/DD") -> Thu 06/11 | H23: =COUNTIF('lesson-database'!$G:$G,TODAY()+3) -> 0 | I23: =IF(H23>12,"🔴 Heavy",IF(H23>5,"🟡 Busy","🟢 Light")) -> 🟢 Light
F24: J+4 | G24: =TEXT(TODAY()+4,"ddd MM/DD") -> Fri 06/12 | H24: =COUNTIF('lesson-database'!$G:$G,TODAY()+4) -> 0 | I24: =IF(H24>12,"🔴 Heavy",IF(H24>5,"🟡 Busy","🟢 Light")) -> 🟢 Light
F25: J+5 | G25: =TEXT(TODAY()+5,"ddd MM/DD") -> Sat 06/13 | H25: =COUNTIF('lesson-database'!$G:$G,TODAY()+5) -> 0 | I25: =IF(H25>12,"🔴 Heavy",IF(H25>5,"🟡 Busy","🟢 Light")) -> 🟢 Light
F26: J+6 | G26: =TEXT(TODAY()+6,"ddd MM/DD") -> Sun 06/14 | H26: =COUNTIF('lesson-database'!$G:$G,TODAY()+6) -> 0 | I26: =IF(H26>12,"🔴 Heavy",IF(H26>5,"🟡 Busy","🟢 Light")) -> 🟢 Light
F27: J+7 | G27: =TEXT(TODAY()+7,"ddd MM/DD") -> Mon 06/15 | H27: =COUNTIF('lesson-database'!$G:$G,TODAY()+7) -> 0 | I27: =IF(H27>12,"🔴 Heavy",IF(H27>5,"🟡 Busy","🟢 Light")) -> 🟢 Light
A31: ⚡ QUICK ACTIONS
A32: → Go to "lesson-database" sheet to study & update
A33: → Filter by Status: "⚡ STUDY NOW" to see due lessons
A34: → After studying: Update Last Review (Ctrl+;) & Mastery level
A35: → Calendar syncs automatically every hour
A38: 📊 TODAY'S PROGRESS
A39: Completed: | B39: =COUNTIFS('lesson-database'!$G:$G,"<="&TODAY(),'lesson-database'!$E:$E,TODAY()) -> 0 | D39: Remaining: | F39: =MAX(0,A4-B39) -> 10 | H39: Progress: | I39: =IF(A4=0,"100%",ROUND(B39/A4*100,0)&"%") -> 0%
A40: Progress Bar:

Sheet lesson-database
A1: 1 module/j - 1 new lesson per day / EARLY BIRD : ""1h/day, also important to recharge battery , stop don't do nothing dikr, like 30min of rest pomodoro | I1: (Auto-filled by script)
A2: Subject | B2: Topic | C2: Status | D2: Mastery | E2: Last Review | F2: Interval | G2: Next Review
A3: s8-Génétique | B3: Modes de transmission des maladies génétiques | C3: =IF(G3 <= TODAY(), "⚡ STUDY NOW", "✅ Wait") -> ⚡ STUDY NOW | D3: 2 | E3: 46083 | F3: =CHOOSE(D3+1, 1, 3, 7, 14, 30, 60, 90, 120) -> 7 | G3: =E3 + F3 -> 46090 | H3: ✅ | I3: k3n6picl6ctqu7v6r8jg7m67k4@google.com
A4: s8-Génétique | B4: Introduction à la génétique | C4: =IF(G4 <= TODAY(), "⚡ STUDY NOW", "✅ Wait") -> ⚡ STUDY NOW | D4: 2 | E4: 46083 | F4: =CHOOSE(D4+1, 1, 3, 7, 14, 30, 60, 90, 120) -> 7 | G4: =E4 + F4 -> 46090 | H4: ✅ | I4: cagpscfki8g7gu5ff0pv3bre7k@google.com
A5: s8-Tramatologie | B5: Fractures de l'extrémité supérieur du fémur | C5: =IF(G5 <= TODAY(), "⚡ STUDY NOW", "✅ Wait") -> ⚡ STUDY NOW | D5: 0 | E5: 46071 | F5: =CHOOSE(D5+1, 1, 3, 7, 14, 30, 60, 90, 120) -> 1 | G5: =E5 + F5 -> 46072 | H5: ✅ | I5: 7bpldp5o05056f02r5i180ar58@google.com
A6: s8-Tramatologie | B6: Fractures du genou | C6: =IF(G6 <= TODAY(), "⚡ STUDY NOW", "✅ Wait") -> ⚡ STUDY NOW | D6: 0 | E6: 46071 | F6: =CHOOSE(D6+1, 1, 3, 7, 14, 30, 60, 90, 120) -> 1 | G6: =E6 + F6 -> 46072 | H6: ✅ | I6: 9alocmb0kgcnfmg36bmsfhcpng@google.com
A7: s8-Anatomopathologie | B7: Tumeurs de l'estomac | C7: =IF(G7 <= TODAY(), "⚡ STUDY NOW", "✅ Wait") -> ⚡ STUDY NOW | D7: 0 | E7: 46076 | F7: =CHOOSE(D7+1, 1, 3, 7, 14, 30, 60, 90, 120) -> 1 | G7: =E7 + F7 -> 46077 | H7: ✅ | I7: rp7kd96h03f63bcujfg4qh2d0c@google.com
A8: s8-Tramatologie | B8: Fc coude + Avant bras | C8: =IF(G8 <= TODAY(), "⚡ STUDY NOW", "✅ Wait") -> ⚡ STUDY NOW | D8: 0 | E8: 46118 | F8: =CHOOSE(D8+1, 1, 3, 10, 15, 30, 60, 90, 120) -> 1 | G8: =E8 + F8 -> 46119 | H8: ✅ | I8: foffv0o1q6sk1a3iflvm8rojj4@google.com
A9: s8-Tramatologie | B9: Fractures de la diaphyse humérale | C9: =IF(G9 <= TODAY(), "⚡ STUDY NOW", "✅ Wait") -> ⚡ STUDY NOW | D9: 0 | E9: 46118 | F9: =CHOOSE(D9+1, 1, 3, 7, 14, 30, 60, 90, 120) -> 1 | G9: =E9 + F9 -> 46119 | H9: ✅ | I9: qeh5ji5j1eajrq50lnkjg68bt0@google.com
A10: s8-Tramatologie | B10: Fractures de la palette humérale | C10: =IF(G10 <= TODAY(), "⚡ STUDY NOW", "✅ Wait") -> ⚡ STUDY NOW | D10: 0 | F10: =CHOOSE(D10+1, 1, 3, 7, 14, 30, 60, 90, 120) -> 1 | G10: =E10 + F10 -> 1
A11: s8-Tramatologie | B11: Fractures du poignet (scaphoide) | C11: =IF(G11 <= TODAY(), "⚡ STUDY NOW", "✅ Wait") -> ⚡ STUDY NOW | D11: 0 | F11: =CHOOSE(D11+1, 1, 3, 7, 14, 30, 60, 90, 120) -> 1 | G11: =E11 + F11 -> 1
A12: s8-Tramatologie | B12: Infections de la main | C12: =IF(G12 <= TODAY(), "⚡ STUDY NOW", "✅ Wait") -> ⚡ STUDY NOW | D12: 0 | F12: =CHOOSE(D12+1, 1, 3, 7, 14, 30, 60, 90, 120) -> 1 | G12: =E12 + F12 -> 1
A13: s8-Tramatologie | B13: Traumas du bassin / Luxation de la hanche | C13: =IF(G13 <= TODAY(), "⚡ STUDY NOW", "✅ Wait") -> ⚡ STUDY NOW | D13: 0 | F13: =CHOOSE(D13+1, 1, 3, 7, 14, 30, 60, 90, 120) -> 1 | G13: =E13 + F13 -> 1
A14: s8-Tramatologie | B14: Lésions méniscoligamentaires du genou | C14: =IF(G14 <= TODAY(), "⚡ STUDY NOW", "✅ Wait") -> ⚡ STUDY NOW | D14: 0 | F14: =CHOOSE(D14+1, 1, 3, 7, 14, 30, 60, 90, 120) -> 1 | G14: =E14 + F14 -> 1
A15: s8-Tramatologie | B15: Trauma de la cheville | C15: =IF(G15 <= TODAY(), "⚡ STUDY NOW", "✅ Wait") -> ⚡ STUDY NOW | D15: 0 | F15: =CHOOSE(D15+1, 1, 3, 7, 14, 30, 60, 90, 120) -> 1 | G15: =E15 + F15 -> 1
A16: s8-Tramatologie | B16: Traumatismes vasculaires | C16: =IF(G16 <= TODAY(), "⚡ STUDY NOW", "✅ Wait") -> ⚡ STUDY NOW | D16: 0 | F16: =CHOOSE(D16+1, 1, 3, 7, 14, 30, 60, 90, 120) -> 1 | G16: =E16 + F16 -> 1
A17: s8-Tramatologie | B17: Fracture du fémur | C17: =IF(G17 <= TODAY(), "⚡ STUDY NOW", "✅ Wait") -> ⚡ STUDY NOW | D17: 0 | F17: =CHOOSE(D17+1, 1, 3, 7, 14, 30, 60, 90, 120) -> 1 | G17: =E17 + F17 -> 1
A18: s8-Tramatologie | B18: Fracture de la jambe | C18: =IF(G18 <= TODAY(), "⚡ STUDY NOW", "✅ Wait") -> ⚡ STUDY NOW | D18: 0 | F18: =CHOOSE(D18+1, 1, 3, 7, 14, 30, 60, 90, 120) -> 1 | G18: =E18 + F18 -> 1
A19: s8-Tramatologie | B19: Traumas de l'épaule | C19: =IF(G19 <= TODAY(), "⚡ STUDY NOW", "✅ Wait") -> ⚡ STUDY NOW | D19: 0 | F19: =CHOOSE(D19+1, 1, 3, 7, 14, 30, 60, 90, 120) -> 1 | G19: =E19 + F19 -> 1
A20: s8-Tramatologie | B20: Plaies de la main | C20: =IF(G20 <= TODAY(), "⚡ STUDY NOW", "✅ Wait") -> ⚡ STUDY NOW | D20: 0 | F20: =CHOOSE(D20+1, 1, 3, 7, 14, 30, 60, 90, 120) -> 1 | G20: =E20 + F20 -> 1
A21: s8-Tramatologie | B21: Fractures de la main | C21: =IF(G21 <= TODAY(), "⚡ STUDY NOW", "✅ Wait") -> ⚡ STUDY NOW | D21: 0 | F21: =CHOOSE(D21+1, 1, 3, 7, 14, 30, 60, 90, 120) -> 1 | G21: =E21 + F21 -> 1
... A71: s8-Maladies de système | B71: SAPL | C71: =IF(G71 <= TODAY(), "⚡ STUDY NOW", "✅ Wait") -> ⚡ STUDY NOW | D71: 0 | F71: =CHOOSE(D71+1, 1, 3, 7, 14, 30, 60, 90, 120) -> 1 | G71: =E71 + F71 -> 1
A72: s8-Génétique | B72: Génétique des populations | C72: =IF(G72 <= TODAY(), "⚡ STUDY NOW", "✅ Wait") -> ⚡ STUDY NOW | D72: 1 | E72: 46085 | F72: =CHOOSE(D72+1, 1, 3, 7, 14, 30, 60, 90, 120) -> 3 | G72: =E72 + F72 -> 46088 | H72: ✅ | I72: sr0n8j9e5g0milv5hdg1k5it0k@google.com
A73: s8-Génétique | B73: Mutations : classification, conséquences et nomenclature | C73: =IF(G73 <= TODAY(), "⚡ STUDY NOW", "✅ Wait") -> ⚡ STUDY NOW | D73: 0 | E73: 46082 | F73: =CHOOSE(D73+1, 1, 3, 7, 14, 30, 60, 90, 120) -> 1 | G73: =E73 + F73 -> 46083 | H73: ✅ | I73: vl0u2k382f4hvm6l45dm7pc0oo@google.com
A74: s8-Génétique | B74: Caryotype | C74: =IF(G74 <= TODAY(), "⚡ STUDY NOW", "✅ Wait") -> ⚡ STUDY NOW | D74: 0 | F74: =CHOOSE(D74+1, 1, 3, 7, 14, 30, 60, 90, 120) -> 1 | G74: =E74 + F74 -> 1
A75: s8-Génétique | B75: La pathologie chromosomique | C75: =IF(G75 <= TODAY(), "⚡ STUDY NOW", "✅ Wait") -> ⚡ STUDY NOW | D75: 0 | F75: =CHOOSE(D75+1, 1, 3, 7, 14, 30, 60, 90, 120) -> 1 | G75: =E75 + F75 -> 1
A76: s8-Génétique | B76: Exemples de pathologies autosomes / gonosomes | C76: =IF(G76 <= TODAY(), "⚡ STUDY NOW", "✅ Wait") -> ⚡ STUDY NOW | D76: 0 | F76: =CHOOSE(D76+1, 1, 3, 7, 14, 30, 60, 90, 120) -> 1 | G76: =E76 + F76 -> 1
A77: s8-Génétique | B77: Conseil génétique | C77: =IF(G77 <= TODAY(), "⚡ STUDY NOW", "✅ Wait") -> ⚡ STUDY NOW | D77: 0 | F77: =CHOOSE(D77+1, 1, 3, 7, 14, 30, 60, 90, 120) -> 1 | G77: =E77 + F77 -> 1
A78: s8-Génétique | B78: Diagnostic anténatal | C78: =IF(G78 <= TODAY(), "⚡ STUDY NOW", "✅ Wait") -> ⚡ STUDY NOW | D78: 0 | F78: =CHOOSE(D78+1, 1, 3, 7, 14, 30, 60, 90, 120) -> 1 | G78: =E78 + F78 -> 1
A79: s8-Génétique | B79: SMA | C79: =IF(G79 <= TODAY(), "⚡ STUDY NOW", "✅ Wait") -> ⚡ STUDY NOW | D79: 0 | F79: =CHOOSE(D79+1, 1, 3, 7, 14, 30, 60, 90, 120) -> 1 | G79: =E79 + F79 -> 1
A80: s8-Génétique | B80: Sd de l'X fragil | C80: =IF(G80 <= TODAY(), "⚡ STUDY NOW", "✅ Wait") -> ⚡ STUDY NOW | D80: 0 | F80: =CHOOSE(D80+1, 1, 3, 7, 14, 30, 60, 90, 120) -> 1 | G80: =E80 + F80 -> 1
A81: s8-Génétique | B81: Sd de Prader Willi | C81: =IF(G81 <= TODAY(), "⚡ STUDY NOW", "✅ Wait") -> ⚡ STUDY NOW | D81: 0 | F81: =CHOOSE(D81+1, 1, 3, 7, 14, 30, 60, 90, 120) -> 1 | G81: =E81 + F81 -> 1
A82: s8-Immuno | B82: Introduction à l'immuno | C82: =IF(G82 <= TODAY(), "⚡ STUDY NOW", "✅ Wait") -> ⚡ STUDY NOW | D82: 0 | F82: =CHOOSE(D82+1, 1, 3, 7, 14, 30, 60, 90, 120) -> 1 | G82: =E82 + F82 -> 1
A83: s8-Immuno | B83: Déficits immunitaires | C83: =IF(G83 <= TODAY(), "⚡ STUDY NOW", "✅ Wait") -> ⚡ STUDY NOW | D83: 0 | F83: =CHOOSE(D83+1, 1, 3, 7, 14, 30, 60, 90, 120) -> 1 | G83: =E83 + F83 -> 1
A84: s8-Immuno | B84: Hypersensibilité immédiate et allergie | C84: =IF(G84 <= TODAY(), "⚡ STUDY NOW", "✅ Wait") -> ⚡ STUDY NOW | D84: 0 | F84: =CHOOSE(D84+1, 1, 3, 7, 14, 30, 60, 90, 120) -> 1 | G84: =E84 + F84 -> 1
A85: s8-Immuno | B85: Hypersensibilité type 2 et 3 | C85: =IF(G85 <= TODAY(), "⚡ STUDY NOW", "✅ Wait") -> ⚡ STUDY NOW | D85: 0 | F85: =CHOOSE(D85+1, 1, 3, 7, 14, 30, 60, 90, 120) -> 1 | G85: =E85 + F85 -> 1
... A92: s8-Immuno | B92: Immunosupresseurs | C92: =IF(G92 <= TODAY(), "⚡ STUDY NOW", "✅ Wait") -> ⚡ STUDY NOW | D92: 0 | F92: =CHOOSE(D92+1, 1, 3, 7, 14, 30, 60, 90, 120) -> 1 | G92: =E92 + F92 -> 1
A93: s7-chir ped | B93: osteomyelite | C93: =IF(G93 <= TODAY(), "⚡ STUDY NOW", "✅ Wait") -> ⚡ STUDY NOW | D93: 0 | E93: 46176 | F93: =CHOOSE(D93+1, 1, 3, 7, 14, 30, 60, 90, 120) -> 1 | G93: =E93 + F93 -> 46177 | H93: ✅ | I93: fic262a441r639qr8egv4luee8@google.com

Sheet VISUALS

Sheet Hebdomadaire
A1: 📅 7-DAY WORKLOAD
A2: Day | B2: Due | C2: Load
A3: =TEXT(TODAY(),"ddd MM/DD") -> Mon 06/08 | B3: =COUNTIF('lesson-database'!$G:$G,TODAY()) -> 0 | C3: =IF(B3>12,"🔴 Heavy",IF(B3>8,"🟡 Busy","🟢 Light")) -> 🟢 Light
A4: =TEXT(TODAY()+1,"ddd MM/DD") -> Tue 06/09 | B4: =COUNTIF('lesson-database'!$G:$G,TODAY()+1) -> 0 | C4: =IF(B4>12,"🔴 Heavy",IF(B4>8,"🟡 Busy","🟢 Light")) -> 🟢 Light | L4: put here a list of cours to view during this week
A5: =TEXT(TODAY()+2,"ddd MM/DD") -> Wed 06/10 | B5: =COUNTIF('lesson-database'!$G:$G,TODAY()+2) -> 0 | C5: =IF(B5>12,"🔴 Heavy",IF(B5>8,"🟡 Busy","🟢 Light")) -> 🟢 Light | M5: Make a small calendar grid where each day shows how many reviews are planned.
A6: =TEXT(TODAY()+3,"ddd MM/DD") -> Thu 06/11 | B6: =COUNTIF('lesson-database'!$G:$G,TODAY()+3) -> 0 | C6: =IF(B6>12,"🔴 Heavy",IF(B6>8,"🟡 Busy","🟢 Light")) -> 🟢 Light
A7: =TEXT(TODAY()+4,"ddd MM/DD") -> Fri 06/12 | B7: =COUNTIF('lesson-database'!$G:$G,TODAY()+4) -> 0 | C7: =IF(B7>12,"🔴 Heavy",IF(B7>8,"🟡 Busy","🟢 Light")) -> 🟢 Light | M7: You will immediately see:
A8: =TEXT(TODAY()+5,"ddd MM/DD") -> Sat 06/13 | B8: =COUNTIF('lesson-database'!$G:$G,TODAY()+5) -> 0 | C8: =IF(B8>12,"🔴 Heavy",IF(B8>8,"🟡 Busy","🟢 Light")) -> 🟢 Light
A9: =TEXT(TODAY()+6,"ddd MM/DD") -> Sun 06/14 | B9: =COUNTIF('lesson-database'!$G:$G,TODAY()+6) -> 0 | C9: =IF(B9>12,"🔴 Heavy",IF(B9>8,"🟡 Busy","🟢 Light")) -> 🟢 Light | M9: overloaded days
A10: =TEXT(TODAY()+7,"ddd MM/DD") -> Mon 06/15 | B10: =COUNTIF('lesson-database'!$G:$G,TODAY()+7) -> 0 | C10: =IF(B10>12,"🔴 Heavy",IF(B10>8,"🟡 Busy","🟢 Light")) -> 🟢 Light
M11: empty days
M13: bad distribution
M15: This helps you reschedule before it explodes.

Sheet Guide
A1: in short select last review : update it to current date when study (ctrl + ; = insert today's date), and then update level | these are the two changes
A2: 1️⃣ THE DAILY ROUTINE (3 Steps)
A4: Goal: Spend 100% of your time studying, not managing the sheet.
A6: Step A: FILTER 🔍
A8: 1. Go to the "Status" column (Col G).
A10: 2. Click the filter arrow.
A12: 3. Select only "⚡ STUDY NOW".
A14: (Now you see only what is urgent today.)
A16: Step B: ACTIVE RECALL 💭
A18: 1. Look at the Topic (Col B).
A20: 2. Look away and attempt to recall the facts/mechanisms.
A22: 3. Check your notes/textbook to verify.
... A39: Be honest. The algorithm only works if you are truthful about your memory.
A41: If you felt... | B41: Action to take | C41: Result
A42: ❌ Forgot / Wrong | B42: Change Level to 0 | C42: Resets. You will see this again Tomorrow.
A43: 😐 Hard / Hesitant | B43: Keep Level the SAME | C43: Repeats interval. You will see it again Soon.
A44: ✅ Good / Easy | B44: Increase Level by +1 | C44: Expands interval. You will see it Later.
A45: Max Level: Once you reach Level 7, you have mastered the topic (Review every ~4 months).
A49: 3️⃣ ADDING NEW LESSONS
A51: 1. Scroll to the bottom of your list.
A53: 2. Type the Subject and Topic.
A55: 3. Set Last Review to Today (Ctrl + ;).
A57: 4. Set Current Level to 0.
A59: (This ensures you review it tomorrow to lock it in immediately.)
A63: 💡 PRO TIPS FOR MEDICAL STUDENTS
A65: 🚫 The "Exam Cram" Mode:
A67: If you have an exam coming up, forget the "Status" column. Instead, sort the sheet by Current Level (Smallest to Largest). Focus entirely on Level 0, 1, and 2 topics. Don't waste time reviewing Level 5+ during cram week.
A69: 📅 Missed a few days?
A71: Don't panic. Unlike rigid schedules, this system pauses when you stop. Just open the sheet, filter for "⚡ STUDY NOW," and chip away at the list. Start with the hardest topics first.
... A1018: Column I (Event ID) is managed automatically by the script.
