Workbook
Name ModuleList: Dashboard!$A$46:$A$89

Sheet Dashboard
A1: 📊 MEDICAL SRS — DASHBOARD · bird's-eye view of every semester & module
A2: AT A GLANCE
A3: 📚 Total lessons | B3: =COUNTA('lesson-database'!$E$3:$E$2000)
A4: ✏️ Started | B4: =COUNTA('lesson-database'!$F$3:$F$2000)
A5: ✅ Mastered | B5: =COUNTIF('lesson-database'!$G$3:$G$2000,5)
A6: ⏳ In progress | B6: =B4-B5
A7: 🔴 Overdue | B7: =COUNTIF('lesson-database'!$J$3:$J$2000,"*OVERDUE*")
A8: 🟢 Due today | B8: =COUNTIF('lesson-database'!$J$3:$J$2000,"*TODAY*")
A9: 📅 Due this week | B9: =COUNTIF('lesson-database'!$J$3:$J$2000,"*THIS WEEK*")
A10: 📈 % Complete | B10: =IF(B3=0,0,B5/B3)
A12: BY SEMESTER | H12: MASTERY MIX
A13: Semester | B13: Total | C13: Started | D13: Mastered | E13: Overdue | F13: % Done | H13: Mastery | I13: Lessons
A14: S1 | B14: =COUNTIF('lesson-database'!$B$3:$B$2000,$A14) | C14: =COUNTIFS('lesson-database'!$B$3:$B$2000,$A14,'lesson-database'!$F$3:$F$2000,"<>") | D14: =COUNTIFS('lesson-database'!$B$3:$B$2000,$A14,'lesson-database'!$G$3:$G$2000,5) | E14: =COUNTIFS('lesson-database'!$B$3:$B$2000,$A14,'lesson-database'!$J$3:$J$2000,"*OVERDUE*") | F14: =IF($B14=0,0,$D14/$B14) | H14: 0 | I14: =COUNTIF('lesson-database'!$G$3:$G$2000,$H14)
A15: S2 | B15: =COUNTIF('lesson-database'!$B$3:$B$2000,$A15) | C15: =COUNTIFS('lesson-database'!$B$3:$B$2000,$A15,'lesson-database'!$F$3:$F$2000,"<>") | D15: =COUNTIFS('lesson-database'!$B$3:$B$2000,$A15,'lesson-database'!$G$3:$G$2000,5) | E15: =COUNTIFS('lesson-database'!$B$3:$B$2000,$A15,'lesson-database'!$J$3:$J$2000,"*OVERDUE*") | F15: =IF($B15=0,0,$D15/$B15) | H15: 1 | I15: =COUNTIF('lesson-database'!$G$3:$G$2000,$H15)
A16: S3 | B16: =COUNTIF('lesson-database'!$B$3:$B$2000,$A16) | C16: =COUNTIFS('lesson-database'!$B$3:$B$2000,$A16,'lesson-database'!$F$3:$F$2000,"<>") | D16: =COUNTIFS('lesson-database'!$B$3:$B$2000,$A16,'lesson-database'!$G$3:$G$2000,5) | E16: =COUNTIFS('lesson-database'!$B$3:$B$2000,$A16,'lesson-database'!$J$3:$J$2000,"*OVERDUE*") | F16: =IF($B16=0,0,$D16/$B16) | H16: 2 | I16: =COUNTIF('lesson-database'!$G$3:$G$2000,$H16)
A17: S4 | B17: =COUNTIF('lesson-database'!$B$3:$B$2000,$A17) | C17: =COUNTIFS('lesson-database'!$B$3:$B$2000,$A17,'lesson-database'!$F$3:$F$2000,"<>") | D17: =COUNTIFS('lesson-database'!$B$3:$B$2000,$A17,'lesson-database'!$G$3:$G$2000,5) | E17: =COUNTIFS('lesson-database'!$B$3:$B$2000,$A17,'lesson-database'!$J$3:$J$2000,"*OVERDUE*") | F17: =IF($B17=0,0,$D17/$B17) | H17: 3 | I17: =COUNTIF('lesson-database'!$G$3:$G$2000,$H17)
A18: S5 | B18: =COUNTIF('lesson-database'!$B$3:$B$2000,$A18) | C18: =COUNTIFS('lesson-database'!$B$3:$B$2000,$A18,'lesson-database'!$F$3:$F$2000,"<>") | D18: =COUNTIFS('lesson-database'!$B$3:$B$2000,$A18,'lesson-database'!$G$3:$G$2000,5) | E18: =COUNTIFS('lesson-database'!$B$3:$B$2000,$A18,'lesson-database'!$J$3:$J$2000,"*OVERDUE*") | F18: =IF($B18=0,0,$D18/$B18) | H18: 4 | I18: =COUNTIF('lesson-database'!$G$3:$G$2000,$H18)
A19: S6 | B19: =COUNTIF('lesson-database'!$B$3:$B$2000,$A19) | C19: =COUNTIFS('lesson-database'!$B$3:$B$2000,$A19,'lesson-database'!$F$3:$F$2000,"<>") | D19: =COUNTIFS('lesson-database'!$B$3:$B$2000,$A19,'lesson-database'!$G$3:$G$2000,5) | E19: =COUNTIFS('lesson-database'!$B$3:$B$2000,$A19,'lesson-database'!$J$3:$J$2000,"*OVERDUE*") | F19: =IF($B19=0,0,$D19/$B19) | H19: 5 | I19: =COUNTIF('lesson-database'!$G$3:$G$2000,$H19)
A20: S7 | B20: =COUNTIF('lesson-database'!$B$3:$B$2000,$A20) | C20: =COUNTIFS('lesson-database'!$B$3:$B$2000,$A20,'lesson-database'!$F$3:$F$2000,"<>") | D20: =COUNTIFS('lesson-database'!$B$3:$B$2000,$A20,'lesson-database'!$G$3:$G$2000,5) | E20: =COUNTIFS('lesson-database'!$B$3:$B$2000,$A20,'lesson-database'!$J$3:$J$2000,"*OVERDUE*") | F20: =IF($B20=0,0,$D20/$B20)
A21: S8 | B21: =COUNTIF('lesson-database'!$B$3:$B$2000,$A21) | C21: =COUNTIFS('lesson-database'!$B$3:$B$2000,$A21,'lesson-database'!$F$3:$F$2000,"<>") | D21: =COUNTIFS('lesson-database'!$B$3:$B$2000,$A21,'lesson-database'!$G$3:$G$2000,5) | E21: =COUNTIFS('lesson-database'!$B$3:$B$2000,$A21,'lesson-database'!$J$3:$J$2000,"*OVERDUE*") | F21: =IF($B21=0,0,$D21/$B21)
A22: S9 | B22: =COUNTIF('lesson-database'!$B$3:$B$2000,$A22) | C22: =COUNTIFS('lesson-database'!$B$3:$B$2000,$A22,'lesson-database'!$F$3:$F$2000,"<>") | D22: =COUNTIFS('lesson-database'!$B$3:$B$2000,$A22,'lesson-database'!$G$3:$G$2000,5) | E22: =COUNTIFS('lesson-database'!$B$3:$B$2000,$A22,'lesson-database'!$J$3:$J$2000,"*OVERDUE*") | F22: =IF($B22=0,0,$D22/$B22)
A23: S10 | B23: =COUNTIF('lesson-database'!$B$3:$B$2000,$A23) | C23: =COUNTIFS('lesson-database'!$B$3:$B$2000,$A23,'lesson-database'!$F$3:$F$2000,"<>") | D23: =COUNTIFS('lesson-database'!$B$3:$B$2000,$A23,'lesson-database'!$G$3:$G$2000,5) | E23: =COUNTIFS('lesson-database'!$B$3:$B$2000,$A23,'lesson-database'!$J$3:$J$2000,"*OVERDUE*") | F23: =IF($B23=0,0,$D23/$B23)
A44: BY MODULE (filter the lesson-database tab, or use the Module View tab for a detailed view)
A45: Module (pick this in Module View) | B45: Sem | C45: Module name | D45: Total | E45: Started | F45: Mastered | G45: Overdue | H45: % Done
A46: S1 — Anatomie I | B46: S1 | C46: Anatomie I | D46: =COUNTIFS('lesson-database'!$B$3:$B$2000,$B46,'lesson-database'!$C$3:$C$2000,$C46) | E46: =COUNTIFS('lesson-database'!$B$3:$B$2000,$B46,'lesson-database'!$C$3:$C$2000,$C46,'lesson-database'!$F$3:$F$2000,"<>") | F46: =COUNTIFS('lesson-database'!$B$3:$B$2000,$B46,'lesson-database'!$C$3:$C$2000,$C46,'lesson-database'!$G$3:$G$2000,5) | G46: =COUNTIFS('lesson-database'!$B$3:$B$2000,$B46,'lesson-database'!$C$3:$C$2000,$C46,'lesson-database'!$J$3:$J$2000,"*OVERDUE*") | H46: =IF($D46=0,0,$F46/$D46)
A47: S1 — Santé publique | B47: S1 | C47: Santé publique | D47: =COUNTIFS('lesson-database'!$B$3:$B$2000,$B47,'lesson-database'!$C$3:$C$2000,$C47) | E47: =COUNTIFS('lesson-database'!$B$3:$B$2000,$B47,'lesson-database'!$C$3:$C$2000,$C47,'lesson-database'!$F$3:$F$2000,"<>") | F47: =COUNTIFS('lesson-database'!$B$3:$B$2000,$B47,'lesson-database'!$C$3:$C$2000,$C47,'lesson-database'!$G$3:$G$2000,5) | G47: =COUNTIFS('lesson-database'!$B$3:$B$2000,$B47,'lesson-database'!$C$3:$C$2000,$C47,'lesson-database'!$J$3:$J$2000,"*OVERDUE*") | H47: =IF($D47=0,0,$F47/$D47)
A48: S1 — Biochimie | B48: S1 | C48: Biochimie | D48: =COUNTIFS('lesson-database'!$B$3:$B$2000,$B48,'lesson-database'!$C$3:$C$2000,$C48) | E48: =COUNTIFS('lesson-database'!$B$3:$B$2000,$B48,'lesson-database'!$C$3:$C$2000,$C48,'lesson-database'!$F$3:$F$2000,"<>") | F48: =COUNTIFS('lesson-database'!$B$3:$B$2000,$B48,'lesson-database'!$C$3:$C$2000,$C48,'lesson-database'!$G$3:$G$2000,5) | G48: =COUNTIFS('lesson-database'!$B$3:$B$2000,$B48,'lesson-database'!$C$3:$C$2000,$C48,'lesson-database'!$J$3:$J$2000,"*OVERDUE*") | H48: =IF($D48=0,0,$F48/$D48)
A49: S1 — Biologie | B49: S1 | C49: Biologie | D49: =COUNTIFS('lesson-database'!$B$3:$B$2000,$B49,'lesson-database'!$C$3:$C$2000,$C49) | E49: =COUNTIFS('lesson-database'!$B$3:$B$2000,$B49,'lesson-database'!$C$3:$C$2000,$C49,'lesson-database'!$F$3:$F$2000,"<>") | F49: =COUNTIFS('lesson-database'!$B$3:$B$2000,$B49,'lesson-database'!$C$3:$C$2000,$C49,'lesson-database'!$G$3:$G$2000,5) | G49: =COUNTIFS('lesson-database'!$B$3:$B$2000,$B49,'lesson-database'!$C$3:$C$2000,$C49,'lesson-database'!$J$3:$J$2000,"*OVERDUE*") | H49: =IF($D49=0,0,$F49/$D49)
A50: S1 — TICE - Recherche médicale et anglais médical | B50: S1 | C50: TICE - Recherche médicale et anglais médical | D50: =COUNTIFS('lesson-database'!$B$3:$B$2000,$B50,'lesson-database'!$C$3:$C$2000,$C50) | E50: =COUNTIFS('lesson-database'!$B$3:$B$2000,$B50,'lesson-database'!$C$3:$C$2000,$C50,'lesson-database'!$F$3:$F$2000,"<>") | F50: =COUNTIFS('lesson-database'!$B$3:$B$2000,$B50,'lesson-database'!$C$3:$C$2000,$C50,'lesson-database'!$G$3:$G$2000,5) | G50: =COUNTIFS('lesson-database'!$B$3:$B$2000,$B50,'lesson-database'!$C$3:$C$2000,$C50,'lesson-database'!$J$3:$J$2000,"*OVERDUE*") | H50: =IF($D50=0,0,$F50/$D50)
A51: S1 — Méthodologie d'apprentissage - Terminologie | B51: S1 | C51: Méthodologie d'apprentissage - Terminologie | D51: =COUNTIFS('lesson-database'!$B$3:$B$2000,$B51,'lesson-database'!$C$3:$C$2000,$C51) | E51: =COUNTIFS('lesson-database'!$B$3:$B$2000,$B51,'lesson-database'!$C$3:$C$2000,$C51,'lesson-database'!$F$3:$F$2000,"<>") | F51: =COUNTIFS('lesson-database'!$B$3:$B$2000,$B51,'lesson-database'!$C$3:$C$2000,$C51,'lesson-database'!$G$3:$G$2000,5) | G51: =COUNTIFS('lesson-database'!$B$3:$B$2000,$B51,'lesson-database'!$C$3:$C$2000,$C51,'lesson-database'!$J$3:$J$2000,"*OVERDUE*") | H51: =IF($D51=0,0,$F51/$D51)
A52: S2 — Anatomie II | B52: S2 | C52: Anatomie II | D52: =COUNTIFS('lesson-database'!$B$3:$B$2000,$B52,'lesson-database'!$C$3:$C$2000,$C52) | E52: =COUNTIFS('lesson-database'!$B$3:$B$2000,$B52,'lesson-database'!$C$3:$C$2000,$C52,'lesson-database'!$F$3:$F$2000,"<>") | F52: =COUNTIFS('lesson-database'!$B$3:$B$2000,$B52,'lesson-database'!$C$3:$C$2000,$C52,'lesson-database'!$G$3:$G$2000,5) | G52: =COUNTIFS('lesson-database'!$B$3:$B$2000,$B52,'lesson-database'!$C$3:$C$2000,$C52,'lesson-database'!$J$3:$J$2000,"*OVERDUE*") | H52: =IF($D52=0,0,$F52/$D52)
A53: S2 — Histologie-Embryologie I | B53: S2 | C53: Histologie-Embryologie I | D53: =COUNTIFS('lesson-database'!$B$3:$B$2000,$B53,'lesson-database'!$C$3:$C$2000,$C53) | E53: =COUNTIFS('lesson-database'!$B$3:$B$2000,$B53,'lesson-database'!$C$3:$C$2000,$C53,'lesson-database'!$F$3:$F$2000,"<>") | F53: =COUNTIFS('lesson-database'!$B$3:$B$2000,$B53,'lesson-database'!$C$3:$C$2000,$C53,'lesson-database'!$G$3:$G$2000,5) | G53: =COUNTIFS('lesson-database'!$B$3:$B$2000,$B53,'lesson-database'!$C$3:$C$2000,$C53,'lesson-database'!$J$3:$J$2000,"*OVERDUE*") | H53: =IF($D53=0,0,$F53/$D53)
A54: S2 — Biophysique | B54: S2 | C54: Biophysique | D54: =COUNTIFS('lesson-database'!$B$3:$B$2000,$B54,'lesson-database'!$C$3:$C$2000,$C54) | E54: =COUNTIFS('lesson-database'!$B$3:$B$2000,$B54,'lesson-database'!$C$3:$C$2000,$C54,'lesson-database'!$F$3:$F$2000,"<>") | F54: =COUNTIFS('lesson-database'!$B$3:$B$2000,$B54,'lesson-database'!$C$3:$C$2000,$C54,'lesson-database'!$G$3:$G$2000,5) | G54: =COUNTIFS('lesson-database'!$B$3:$B$2000,$B54,'lesson-database'!$C$3:$C$2000,$C54,'lesson-database'!$J$3:$J$2000,"*OVERDUE*") | H54: =IF($D54=0,0,$F54/$D54)
A55: S2 — Histoire et psycho-social | B55: S2 | C55: Histoire et psycho-social | D55: =COUNTIFS('lesson-database'!$B$3:$B$2000,$B55,'lesson-database'!$C$3:$C$2000,$C55) | E55: =COUNTIFS('lesson-database'!$B$3:$B$2000,$B55,'lesson-database'!$C$3:$C$2000,$C55,'lesson-database'!$F$3:$F$2000,"<>") | F55: =COUNTIFS('lesson-database'!$B$3:$B$2000,$B55,'lesson-database'!$C$3:$C$2000,$C55,'lesson-database'!$G$3:$G$2000,5) | G55: =COUNTIFS('lesson-database'!$B$3:$B$2000,$B55,'lesson-database'!$C$3:$C$2000,$C55,'lesson-database'!$J$3:$J$2000,"*OVERDUE*") | H55: =IF($D55=0,0,$F55/$D55)
A56: S3 — Sémiologie I | B56: S3 | C56: Sémiologie I | D56: =COUNTIFS('lesson-database'!$B$3:$B$2000,$B56,'lesson-database'!$C$3:$C$2000,$C56) | E56: =COUNTIFS('lesson-database'!$B$3:$B$2000,$B56,'lesson-database'!$C$3:$C$2000,$C56,'lesson-database'!$F$3:$F$2000,"<>") | F56: =COUNTIFS('lesson-database'!$B$3:$B$2000,$B56,'lesson-database'!$C$3:$C$2000,$C56,'lesson-database'!$G$3:$G$2000,5) | G56: =COUNTIFS('lesson-database'!$B$3:$B$2000,$B56,'lesson-database'!$C$3:$C$2000,$C56,'lesson-database'!$J$3:$J$2000,"*OVERDUE*") | H56: =IF($D56=0,0,$F56/$D56)
A57: S3 — Anatomie III | B57: S3 | C57: Anatomie III | D57: =COUNTIFS('lesson-database'!$B$3:$B$2000,$B57,'lesson-database'!$C$3:$C$2000,$C57) | E57: =COUNTIFS('lesson-database'!$B$3:$B$2000,$B57,'lesson-database'!$C$3:$C$2000,$C57,'lesson-database'!$F$3:$F$2000,"<>") | F57: =COUNTIFS('lesson-database'!$B$3:$B$2000,$B57,'lesson-database'!$C$3:$C$2000,$C57,'lesson-database'!$G$3:$G$2000,5) | G57: =COUNTIFS('lesson-database'!$B$3:$B$2000,$B57,'lesson-database'!$C$3:$C$2000,$C57,'lesson-database'!$J$3:$J$2000,"*OVERDUE*") | H57: =IF($D57=0,0,$F57/$D57)
... A89: S10 — Synthèse thérapeutique | B89: S10 | C89: Synthèse thérapeutique | D89: =COUNTIFS('lesson-database'!$B$3:$B$2000,$B89,'lesson-database'!$C$3:$C$2000,$C89) | E89: =COUNTIFS('lesson-database'!$B$3:$B$2000,$B89,'lesson-database'!$C$3:$C$2000,$C89,'lesson-database'!$F$3:$F$2000,"<>") | F89: =COUNTIFS('lesson-database'!$B$3:$B$2000,$B89,'lesson-database'!$C$3:$C$2000,$C89,'lesson-database'!$G$3:$G$2000,5) | G89: =COUNTIFS('lesson-database'!$B$3:$B$2000,$B89,'lesson-database'!$C$3:$C$2000,$C89,'lesson-database'!$J$3:$J$2000,"*OVERDUE*") | H89: =IF($D89=0,0,$F89/$D89)

Sheet lesson-database
A1: 🧠 MEDICAL SRS — type only F & G · ▼ filters on row 2 | E1: =TODAY() | F1: =MAX(0,$K$1-TODAY()) | I1: 🎯 Exam date: | K1: 46154
A2: # | B2: Semester | C2: Module | D2: Subject | E2: Lesson | F2: Last Review | G2: Mastery | H2: Interval | I2: Next Review | J2: Status | K2: Priority | L2: Synced | M2: Event ID
A3: =ROW()-2 | B3: S1 | C3: Anatomie I | E3: Généralités en anatomie | H3: =IF($G3="",1,IF($G3=0,1,IF($G3=1,3,IF($G3=2,7,IF($G3=3,14,IF($G3=4,30,60)))))) | I3: =IF($F3="","",$F3+$H3) | J3: =IF($F3="","⚪ NEW",IF($G3>=5,"✅ DONE",IF($I3<TODAY(),"🔴 OVERDUE",IF($I3=TODAY(),"🟢 TODAY",IF($I3=TODAY()+1,"🔵 TOMORROW",IF($I3<=TODAY()+7,"📅 THIS WEEK","⏳ SCHEDULED")))))) | K3: =IF($F3="",999,IF($G3>=5,9999,IF($I3="",999,$I3-TODAY())))
A4: =ROW()-2 | B4: S1 | C4: Anatomie I | E4: Ostéo-arthrologie du membre supérieur | H4: =IF($G4="",1,IF($G4=0,1,IF($G4=1,3,IF($G4=2,7,IF($G4=3,14,IF($G4=4,30,60)))))) | I4: =IF($F4="","",$F4+$H4) | J4: =IF($F4="","⚪ NEW",IF($G4>=5,"✅ DONE",IF($I4<TODAY(),"🔴 OVERDUE",IF($I4=TODAY(),"🟢 TODAY",IF($I4=TODAY()+1,"🔵 TOMORROW",IF($I4<=TODAY()+7,"📅 THIS WEEK","⏳ SCHEDULED")))))) | K4: =IF($F4="",999,IF($G4>=5,9999,IF($I4="",999,$I4-TODAY())))
A5: =ROW()-2 | B5: S1 | C5: Anatomie I | E5: Ostéologie de l'épaule et du bras | H5: =IF($G5="",1,IF($G5=0,1,IF($G5=1,3,IF($G5=2,7,IF($G5=3,14,IF($G5=4,30,60)))))) | I5: =IF($F5="","",$F5+$H5) | J5: =IF($F5="","⚪ NEW",IF($G5>=5,"✅ DONE",IF($I5<TODAY(),"🔴 OVERDUE",IF($I5=TODAY(),"🟢 TODAY",IF($I5=TODAY()+1,"🔵 TOMORROW",IF($I5<=TODAY()+7,"📅 THIS WEEK","⏳ SCHEDULED")))))) | K5: =IF($F5="",999,IF($G5>=5,9999,IF($I5="",999,$I5-TODAY())))
A6: =ROW()-2 | B6: S1 | C6: Anatomie I | E6: Ostéologie du coude et de l'avant-bras | H6: =IF($G6="",1,IF($G6=0,1,IF($G6=1,3,IF($G6=2,7,IF($G6=3,14,IF($G6=4,30,60)))))) | I6: =IF($F6="","",$F6+$H6) | J6: =IF($F6="","⚪ NEW",IF($G6>=5,"✅ DONE",IF($I6<TODAY(),"🔴 OVERDUE",IF($I6=TODAY(),"🟢 TODAY",IF($I6=TODAY()+1,"🔵 TOMORROW",IF($I6<=TODAY()+7,"📅 THIS WEEK","⏳ SCHEDULED")))))) | K6: =IF($F6="",999,IF($G6>=5,9999,IF($I6="",999,$I6-TODAY())))
A7: =ROW()-2 | B7: S1 | C7: Anatomie I | E7: Ostéologie de la main et du poignet | H7: =IF($G7="",1,IF($G7=0,1,IF($G7=1,3,IF($G7=2,7,IF($G7=3,14,IF($G7=4,30,60)))))) | I7: =IF($F7="","",$F7+$H7) | J7: =IF($F7="","⚪ NEW",IF($G7>=5,"✅ DONE",IF($I7<TODAY(),"🔴 OVERDUE",IF($I7=TODAY(),"🟢 TODAY",IF($I7=TODAY()+1,"🔵 TOMORROW",IF($I7<=TODAY()+7,"📅 THIS WEEK","⏳ SCHEDULED")))))) | K7: =IF($F7="",999,IF($G7>=5,9999,IF($I7="",999,$I7-TODAY())))
A8: =ROW()-2 | B8: S1 | C8: Anatomie I | E8: Myologie du membre supérieur | H8: =IF($G8="",1,IF($G8=0,1,IF($G8=1,3,IF($G8=2,7,IF($G8=3,14,IF($G8=4,30,60)))))) | I8: =IF($F8="","",$F8+$H8) | J8: =IF($F8="","⚪ NEW",IF($G8>=5,"✅ DONE",IF($I8<TODAY(),"🔴 OVERDUE",IF($I8=TODAY(),"🟢 TODAY",IF($I8=TODAY()+1,"🔵 TOMORROW",IF($I8<=TODAY()+7,"📅 THIS WEEK","⏳ SCHEDULED")))))) | K8: =IF($F8="",999,IF($G8>=5,9999,IF($I8="",999,$I8-TODAY())))
A9: =ROW()-2 | B9: S1 | C9: Anatomie I | E9: Myologie de l'épaule et du bras | H9: =IF($G9="",1,IF($G9=0,1,IF($G9=1,3,IF($G9=2,7,IF($G9=3,14,IF($G9=4,30,60)))))) | I9: =IF($F9="","",$F9+$H9) | J9: =IF($F9="","⚪ NEW",IF($G9>=5,"✅ DONE",IF($I9<TODAY(),"🔴 OVERDUE",IF($I9=TODAY(),"🟢 TODAY",IF($I9=TODAY()+1,"🔵 TOMORROW",IF($I9<=TODAY()+7,"📅 THIS WEEK","⏳ SCHEDULED")))))) | K9: =IF($F9="",999,IF($G9>=5,9999,IF($I9="",999,$I9-TODAY())))
A10: =ROW()-2 | B10: S1 | C10: Anatomie I | E10: Myologie de l'avant-bras | H10: =IF($G10="",1,IF($G10=0,1,IF($G10=1,3,IF($G10=2,7,IF($G10=3,14,IF($G10=4,30,60)))))) | I10: =IF($F10="","",$F10+$H10) | J10: =IF($F10="","⚪ NEW",IF($G10>=5,"✅ DONE",IF($I10<TODAY(),"🔴 OVERDUE",IF($I10=TODAY(),"🟢 TODAY",IF($I10=TODAY()+1,"🔵 TOMORROW",IF($I10<=TODAY()+7,"📅 THIS WEEK","⏳ SCHEDULED")))))) | K10: =IF($F10="",999,IF($G10>=5,9999,IF($I10="",999,$I10-TODAY())))
A11: =ROW()-2 | B11: S1 | C11: Anatomie I | E11: Myologie de la main | H11: =IF($G11="",1,IF($G11=0,1,IF($G11=1,3,IF($G11=2,7,IF($G11=3,14,IF($G11=4,30,60)))))) | I11: =IF($F11="","",$F11+$H11) | J11: =IF($F11="","⚪ NEW",IF($G11>=5,"✅ DONE",IF($I11<TODAY(),"🔴 OVERDUE",IF($I11=TODAY(),"🟢 TODAY",IF($I11=TODAY()+1,"🔵 TOMORROW",IF($I11<=TODAY()+7,"📅 THIS WEEK","⏳ SCHEDULED")))))) | K11: =IF($F11="",999,IF($G11>=5,9999,IF($I11="",999,$I11-TODAY())))
A12: =ROW()-2 | B12: S1 | C12: Anatomie I | E12: Ostéo-arthrologie du membre inférieur | H12: =IF($G12="",1,IF($G12=0,1,IF($G12=1,3,IF($G12=2,7,IF($G12=3,14,IF($G12=4,30,60)))))) | I12: =IF($F12="","",$F12+$H12) | J12: =IF($F12="","⚪ NEW",IF($G12>=5,"✅ DONE",IF($I12<TODAY(),"🔴 OVERDUE",IF($I12=TODAY(),"🟢 TODAY",IF($I12=TODAY()+1,"🔵 TOMORROW",IF($I12<=TODAY()+7,"📅 THIS WEEK","⏳ SCHEDULED")))))) | K12: =IF($F12="",999,IF($G12>=5,9999,IF($I12="",999,$I12-TODAY())))
A13: =ROW()-2 | B13: S1 | C13: Anatomie I | E13: Os coxal, fémur et articulation de la hanche | H13: =IF($G13="",1,IF($G13=0,1,IF($G13=1,3,IF($G13=2,7,IF($G13=3,14,IF($G13=4,30,60)))))) | I13: =IF($F13="","",$F13+$H13) | J13: =IF($F13="","⚪ NEW",IF($G13>=5,"✅ DONE",IF($I13<TODAY(),"🔴 OVERDUE",IF($I13=TODAY(),"🟢 TODAY",IF($I13=TODAY()+1,"🔵 TOMORROW",IF($I13<=TODAY()+7,"📅 THIS WEEK","⏳ SCHEDULED")))))) | K13: =IF($F13="",999,IF($G13>=5,9999,IF($I13="",999,$I13-TODAY())))
A14: =ROW()-2 | B14: S1 | C14: Anatomie I | E14: Tibia, fibula, patella et articulation du genou | H14: =IF($G14="",1,IF($G14=0,1,IF($G14=1,3,IF($G14=2,7,IF($G14=3,14,IF($G14=4,30,60)))))) | I14: =IF($F14="","",$F14+$H14) | J14: =IF($F14="","⚪ NEW",IF($G14>=5,"✅ DONE",IF($I14<TODAY(),"🔴 OVERDUE",IF($I14=TODAY(),"🟢 TODAY",IF($I14=TODAY()+1,"🔵 TOMORROW",IF($I14<=TODAY()+7,"📅 THIS WEEK","⏳ SCHEDULED")))))) | K14: =IF($F14="",999,IF($G14>=5,9999,IF($I14="",999,$I14-TODAY())))
... A31: =ROW()-2 | B31: S1 | C31: Anatomie I | E31: Le médiastin postérieur | H31: =IF($G31="",1,IF($G31=0,1,IF($G31=1,3,IF($G31=2,7,IF($G31=3,14,IF($G31=4,30,60)))))) | I31: =IF($F31="","",$F31+$H31) | J31: =IF($F31="","⚪ NEW",IF($G31>=5,"✅ DONE",IF($I31<TODAY(),"🔴 OVERDUE",IF($I31=TODAY(),"🟢 TODAY",IF($I31=TODAY()+1,"🔵 TOMORROW",IF($I31<=TODAY()+7,"📅 THIS WEEK","⏳ SCHEDULED")))))) | K31: =IF($F31="",999,IF($G31>=5,9999,IF($I31="",999,$I31-TODAY())))
A32: =ROW()-2 | B32: S1 | C32: Santé publique | D32: Médecine communautaire | E32: Système de soins au Maroc (partie 1) | H32: =IF($G32="",1,IF($G32=0,1,IF($G32=1,3,IF($G32=2,7,IF($G32=3,14,IF($G32=4,30,60)))))) | I32: =IF($F32="","",$F32+$H32) | J32: =IF($F32="","⚪ NEW",IF($G32>=5,"✅ DONE",IF($I32<TODAY(),"🔴 OVERDUE",IF($I32=TODAY(),"🟢 TODAY",IF($I32=TODAY()+1,"🔵 TOMORROW",IF($I32<=TODAY()+7,"📅 THIS WEEK","⏳ SCHEDULED")))))) | K32: =IF($F32="",999,IF($G32>=5,9999,IF($I32="",999,$I32-TODAY())))
A33: =ROW()-2 | B33: S1 | C33: Santé publique | D33: Médecine communautaire | E33: Système de soins au Maroc (partie 2) | H33: =IF($G33="",1,IF($G33=0,1,IF($G33=1,3,IF($G33=2,7,IF($G33=3,14,IF($G33=4,30,60)))))) | I33: =IF($F33="","",$F33+$H33) | J33: =IF($F33="","⚪ NEW",IF($G33>=5,"✅ DONE",IF($I33<TODAY(),"🔴 OVERDUE",IF($I33=TODAY(),"🟢 TODAY",IF($I33=TODAY()+1,"🔵 TOMORROW",IF($I33<=TODAY()+7,"📅 THIS WEEK","⏳ SCHEDULED")))))) | K33: =IF($F33="",999,IF($G33>=5,9999,IF($I33="",999,$I33-TODAY())))
A34: =ROW()-2 | B34: S1 | C34: Santé publique | D34: Médecine communautaire | E34: Prévention de la maladie | H34: =IF($G34="",1,IF($G34=0,1,IF($G34=1,3,IF($G34=2,7,IF($G34=3,14,IF($G34=4,30,60)))))) | I34: =IF($F34="","",$F34+$H34) | J34: =IF($F34="","⚪ NEW",IF($G34>=5,"✅ DONE",IF($I34<TODAY(),"🔴 OVERDUE",IF($I34=TODAY(),"🟢 TODAY",IF($I34=TODAY()+1,"🔵 TOMORROW",IF($I34<=TODAY()+7,"📅 THIS WEEK","⏳ SCHEDULED")))))) | K34: =IF($F34="",999,IF($G34>=5,9999,IF($I34="",999,$I34-TODAY())))
A35: =ROW()-2 | B35: S1 | C35: Santé publique | D35: Médecine communautaire | E35: Hygiène hospitalière | H35: =IF($G35="",1,IF($G35=0,1,IF($G35=1,3,IF($G35=2,7,IF($G35=3,14,IF($G35=4,30,60)))))) | I35: =IF($F35="","",$F35+$H35) | J35: =IF($F35="","⚪ NEW",IF($G35>=5,"✅ DONE",IF($I35<TODAY(),"🔴 OVERDUE",IF($I35=TODAY(),"🟢 TODAY",IF($I35=TODAY()+1,"🔵 TOMORROW",IF($I35<=TODAY()+7,"📅 THIS WEEK","⏳ SCHEDULED")))))) | K35: =IF($F35="",999,IF($G35>=5,9999,IF($I35="",999,$I35-TODAY())))
A36: =ROW()-2 | B36: S1 | C36: Santé publique | D36: Médecine communautaire | E36: Concepts fondamentaux de santé publique | H36: =IF($G36="",1,IF($G36=0,1,IF($G36=1,3,IF($G36=2,7,IF($G36=3,14,IF($G36=4,30,60)))))) | I36: =IF($F36="","",$F36+$H36) | J36: =IF($F36="","⚪ NEW",IF($G36>=5,"✅ DONE",IF($I36<TODAY(),"🔴 OVERDUE",IF($I36=TODAY(),"🟢 TODAY",IF($I36=TODAY()+1,"🔵 TOMORROW",IF($I36<=TODAY()+7,"📅 THIS WEEK","⏳ SCHEDULED")))))) | K36: =IF($F36="",999,IF($G36>=5,9999,IF($I36="",999,$I36-TODAY())))
A37: =ROW()-2 | B37: S1 | C37: Santé publique | D37: Médecine communautaire | E37: Fonctions de santé publique | H37: =IF($G37="",1,IF($G37=0,1,IF($G37=1,3,IF($G37=2,7,IF($G37=3,14,IF($G37=4,30,60)))))) | I37: =IF($F37="","",$F37+$H37) | J37: =IF($F37="","⚪ NEW",IF($G37>=5,"✅ DONE",IF($I37<TODAY(),"🔴 OVERDUE",IF($I37=TODAY(),"🟢 TODAY",IF($I37=TODAY()+1,"🔵 TOMORROW",IF($I37<=TODAY()+7,"📅 THIS WEEK","⏳ SCHEDULED")))))) | K37: =IF($F37="",999,IF($G37>=5,9999,IF($I37="",999,$I37-TODAY())))
A38: =ROW()-2 | B38: S1 | C38: Santé publique | D38: Médecine communautaire | E38: Indicateurs de santé d'une population | H38: =IF($G38="",1,IF($G38=0,1,IF($G38=1,3,IF($G38=2,7,IF($G38=3,14,IF($G38=4,30,60)))))) | I38: =IF($F38="","",$F38+$H38) | J38: =IF($F38="","⚪ NEW",IF($G38>=5,"✅ DONE",IF($I38<TODAY(),"🔴 OVERDUE",IF($I38=TODAY(),"🟢 TODAY",IF($I38=TODAY()+1,"🔵 TOMORROW",IF($I38<=TODAY()+7,"📅 THIS WEEK","⏳ SCHEDULED")))))) | K38: =IF($F38="",999,IF($G38>=5,9999,IF($I38="",999,$I38-TODAY())))
A39: =ROW()-2 | B39: S1 | C39: Santé publique | D39: Médecine communautaire | E39: Problèmes de santé dans le monde | H39: =IF($G39="",1,IF($G39=0,1,IF($G39=1,3,IF($G39=2,7,IF($G39=3,14,IF($G39=4,30,60)))))) | I39: =IF($F39="","",$F39+$H39) | J39: =IF($F39="","⚪ NEW",IF($G39>=5,"✅ DONE",IF($I39<TODAY(),"🔴 OVERDUE",IF($I39=TODAY(),"🟢 TODAY",IF($I39=TODAY()+1,"🔵 TOMORROW",IF($I39<=TODAY()+7,"📅 THIS WEEK","⏳ SCHEDULED")))))) | K39: =IF($F39="",999,IF($G39>=5,9999,IF($I39="",999,$I39-TODAY())))
A40: =ROW()-2 | B40: S1 | C40: Santé publique | D40: Biostatistiques | E40: Principes de base en biostatistiques | H40: =IF($G40="",1,IF($G40=0,1,IF($G40=1,3,IF($G40=2,7,IF($G40=3,14,IF($G40=4,30,60)))))) | I40: =IF($F40="","",$F40+$H40) | J40: =IF($F40="","⚪ NEW",IF($G40>=5,"✅ DONE",IF($I40<TODAY(),"🔴 OVERDUE",IF($I40=TODAY(),"🟢 TODAY",IF($I40=TODAY()+1,"🔵 TOMORROW",IF($I40<=TODAY()+7,"📅 THIS WEEK","⏳ SCHEDULED")))))) | K40: =IF($F40="",999,IF($G40>=5,9999,IF($I40="",999,$I40-TODAY())))
A41: =ROW()-2 | B41: S1 | C41: Santé publique | D41: Biostatistiques | E41: Présentation des données | H41: =IF($G41="",1,IF($G41=0,1,IF($G41=1,3,IF($G41=2,7,IF($G41=3,14,IF($G41=4,30,60)))))) | I41: =IF($F41="","",$F41+$H41) | J41: =IF($F41="","⚪ NEW",IF($G41>=5,"✅ DONE",IF($I41<TODAY(),"🔴 OVERDUE",IF($I41=TODAY(),"🟢 TODAY",IF($I41=TODAY()+1,"🔵 TOMORROW",IF($I41<=TODAY()+7,"📅 THIS WEEK","⏳ SCHEDULED")))))) | K41: =IF($F41="",999,IF($G41>=5,9999,IF($I41="",999,$I41-TODAY())))
A42: =ROW()-2 | B42: S1 | C42: Santé publique | D42: Biostatistiques | E42: Statistiques descriptives | H42: =IF($G42="",1,IF($G42=0,1,IF($G42=1,3,IF($G42=2,7,IF($G42=3,14,IF($G42=4,30,60)))))) | I42: =IF($F42="","",$F42+$H42) | J42: =IF($F42="","⚪ NEW",IF($G42>=5,"✅ DONE",IF($I42<TODAY(),"🔴 OVERDUE",IF($I42=TODAY(),"🟢 TODAY",IF($I42=TODAY()+1,"🔵 TOMORROW",IF($I42<=TODAY()+7,"📅 THIS WEEK","⏳ SCHEDULED")))))) | K42: =IF($F42="",999,IF($G42>=5,9999,IF($I42="",999,$I42-TODAY())))
A43: =ROW()-2 | B43: S1 | C43: Santé publique | D43: Biostatistiques | E43: Principes de base de l'épidémiologie | H43: =IF($G43="",1,IF($G43=0,1,IF($G43=1,3,IF($G43=2,7,IF($G43=3,14,IF($G43=4,30,60)))))) | I43: =IF($F43="","",$F43+$H43) | J43: =IF($F43="","⚪ NEW",IF($G43>=5,"✅ DONE",IF($I43<TODAY(),"🔴 OVERDUE",IF($I43=TODAY(),"🟢 TODAY",IF($I43=TODAY()+1,"🔵 TOMORROW",IF($I43<=TODAY()+7,"📅 THIS WEEK","⏳ SCHEDULED")))))) | K43: =IF($F43="",999,IF($G43>=5,9999,IF($I43="",999,$I43-TODAY())))
... A89: =ROW()-2 | B89: S1 | C89: Biologie | D89: Génétique | E89: Génétique chromosomique : caryotype | H89: =IF($G89="",1,IF($G89=0,1,IF($G89=1,3,IF($G89=2,7,IF($G89=3,14,IF($G89=4,30,60)))))) | I89: =IF($F89="","",$F89+$H89) | J89: =IF($F89="","⚪ NEW",IF($G89>=5,"✅ DONE",IF($I89<TODAY(),"🔴 OVERDUE",IF($I89=TODAY(),"🟢 TODAY",IF($I89=TODAY()+1,"🔵 TOMORROW",IF($I89<=TODAY()+7,"📅 THIS WEEK","⏳ SCHEDULED")))))) | K89: =IF($F89="",999,IF($G89>=5,9999,IF($I89="",999,$I89-TODAY())))
A90: =ROW()-2 | B90: S1 | C90: TICE - Recherche médicale et anglais médical | E90: Introduction au TICE | H90: =IF($G90="",1,IF($G90=0,1,IF($G90=1,3,IF($G90=2,7,IF($G90=3,14,IF($G90=4,30,60)))))) | I90: =IF($F90="","",$F90+$H90) | J90: =IF($F90="","⚪ NEW",IF($G90>=5,"✅ DONE",IF($I90<TODAY(),"🔴 OVERDUE",IF($I90=TODAY(),"🟢 TODAY",IF($I90=TODAY()+1,"🔵 TOMORROW",IF($I90<=TODAY()+7,"📅 THIS WEEK","⏳ SCHEDULED")))))) | K90: =IF($F90="",999,IF($G90>=5,9999,IF($I90="",999,$I90-TODAY())))
A91: =ROW()-2 | B91: S1 | C91: TICE - Recherche médicale et anglais médical | E91: Séances de TD | H91: =IF($G91="",1,IF($G91=0,1,IF($G91=1,3,IF($G91=2,7,IF($G91=3,14,IF($G91=4,30,60)))))) | I91: =IF($F91="","",$F91+$H91) | J91: =IF($F91="","⚪ NEW",IF($G91>=5,"✅ DONE",IF($I91<TODAY(),"🔴 OVERDUE",IF($I91=TODAY(),"🟢 TODAY",IF($I91=TODAY()+1,"🔵 TOMORROW",IF($I91<=TODAY()+7,"📅 THIS WEEK","⏳ SCHEDULED")))))) | K91: =IF($F91="",999,IF($G91>=5,9999,IF($I91="",999,$I91-TODAY())))
A92: =ROW()-2 | B92: S1 | C92: TICE - Recherche médicale et anglais médical | E92: Intelligence artificielle | H92: =IF($G92="",1,IF($G92=0,1,IF($G92=1,3,IF($G92=2,7,IF($G92=3,14,IF($G92=4,30,60)))))) | I92: =IF($F92="","",$F92+$H92) | J92: =IF($F92="","⚪ NEW",IF($G92>=5,"✅ DONE",IF($I92<TODAY(),"🔴 OVERDUE",IF($I92=TODAY(),"🟢 TODAY",IF($I92=TODAY()+1,"🔵 TOMORROW",IF($I92<=TODAY()+7,"📅 THIS WEEK","⏳ SCHEDULED")))))) | K92: =IF($F92="",999,IF($G92>=5,9999,IF($I92="",999,$I92-TODAY())))
A93: =ROW()-2 | B93: S1 | C93: TICE - Recherche médicale et anglais médical | E93: Traitement d'images | H93: =IF($G93="",1,IF($G93=0,1,IF($G93=1,3,IF($G93=2,7,IF($G93=3,14,IF($G93=4,30,60)))))) | I93: =IF($F93="","",$F93+$H93) | J93: =IF($F93="","⚪ NEW",IF($G93>=5,"✅ DONE",IF($I93<TODAY(),"🔴 OVERDUE",IF($I93=TODAY(),"🟢 TODAY",IF($I93=TODAY()+1,"🔵 TOMORROW",IF($I93<=TODAY()+7,"📅 THIS WEEK","⏳ SCHEDULED")))))) | K93: =IF($F93="",999,IF($G93>=5,9999,IF($I93="",999,$I93-TODAY())))
A94: =ROW()-2 | B94: S1 | C94: TICE - Recherche médicale et anglais médical | E94: L'internet des objets | H94: =IF($G94="",1,IF($G94=0,1,IF($G94=1,3,IF($G94=2,7,IF($G94=3,14,IF($G94=4,30,60)))))) | I94: =IF($F94="","",$F94+$H94) | J94: =IF($F94="","⚪ NEW",IF($G94>=5,"✅ DONE",IF($I94<TODAY(),"🔴 OVERDUE",IF($I94=TODAY(),"🟢 TODAY",IF($I94=TODAY()+1,"🔵 TOMORROW",IF($I94<=TODAY()+7,"📅 THIS WEEK","⏳ SCHEDULED")))))) | K94: =IF($F94="",999,IF($G94>=5,9999,IF($I94="",999,$I94-TODAY())))
A95: =ROW()-2 | B95: S1 | C95: TICE - Recherche médicale et anglais médical | E95: La réalité virtuelle | H95: =IF($G95="",1,IF($G95=0,1,IF($G95=1,3,IF($G95=2,7,IF($G95=3,14,IF($G95=4,30,60)))))) | I95: =IF($F95="","",$F95+$H95) | J95: =IF($F95="","⚪ NEW",IF($G95>=5,"✅ DONE",IF($I95<TODAY(),"🔴 OVERDUE",IF($I95=TODAY(),"🟢 TODAY",IF($I95=TODAY()+1,"🔵 TOMORROW",IF($I95<=TODAY()+7,"📅 THIS WEEK","⏳ SCHEDULED")))))) | K95: =IF($F95="",999,IF($G95>=5,9999,IF($I95="",999,$I95-TODAY())))
A96: =ROW()-2 | B96: S1 | C96: TICE - Recherche médicale et anglais médical | E96: La télémédecine | H96: =IF($G96="",1,IF($G96=0,1,IF($G96=1,3,IF($G96=2,7,IF($G96=3,14,IF($G96=4,30,60)))))) | I96: =IF($F96="","",$F96+$H96) | J96: =IF($F96="","⚪ NEW",IF($G96>=5,"✅ DONE",IF($I96<TODAY(),"🔴 OVERDUE",IF($I96=TODAY(),"🟢 TODAY",IF($I96=TODAY()+1,"🔵 TOMORROW",IF($I96<=TODAY()+7,"📅 THIS WEEK","⏳ SCHEDULED")))))) | K96: =IF($F96="",999,IF($G96>=5,9999,IF($I96="",999,$I96-TODAY())))
A97: =ROW()-2 | B97: S1 | C97: Méthodologie d'apprentissage - Terminologie | D97: Méthodologie d'apprentissage | E97: Méthodologies de l'apprentissage en médecine | H97: =IF($G97="",1,IF($G97=0,1,IF($G97=1,3,IF($G97=2,7,IF($G97=3,14,IF($G97=4,30,60)))))) | I97: =IF($F97="","",$F97+$H97) | J97: =IF($F97="","⚪ NEW",IF($G97>=5,"✅ DONE",IF($I97<TODAY(),"🔴 OVERDUE",IF($I97=TODAY(),"🟢 TODAY",IF($I97=TODAY()+1,"🔵 TOMORROW",IF($I97<=TODAY()+7,"📅 THIS WEEK","⏳ SCHEDULED")))))) | K97: =IF($F97="",999,IF($G97>=5,9999,IF($I97="",999,$I97-TODAY())))
A98: =ROW()-2 | B98: S1 | C98: Méthodologie d'apprentissage - Terminologie | D98: Méthodologie d'apprentissage | E98: Gestion du temps et outils d'apprentissage | H98: =IF($G98="",1,IF($G98=0,1,IF($G98=1,3,IF($G98=2,7,IF($G98=3,14,IF($G98=4,30,60)))))) | I98: =IF($F98="","",$F98+$H98) | J98: =IF($F98="","⚪ NEW",IF($G98>=5,"✅ DONE",IF($I98<TODAY(),"🔴 OVERDUE",IF($I98=TODAY(),"🟢 TODAY",IF($I98=TODAY()+1,"🔵 TOMORROW",IF($I98<=TODAY()+7,"📅 THIS WEEK","⏳ SCHEDULED")))))) | K98: =IF($F98="",999,IF($G98>=5,9999,IF($I98="",999,$I98-TODAY())))
A99: =ROW()-2 | B99: S1 | C99: Méthodologie d'apprentissage - Terminologie | D99: Méthodologie d'apprentissage | E99: Mémorisation et concentration | H99: =IF($G99="",1,IF($G99=0,1,IF($G99=1,3,IF($G99=2,7,IF($G99=3,14,IF($G99=4,30,60)))))) | I99: =IF($F99="","",$F99+$H99) | J99: =IF($F99="","⚪ NEW",IF($G99>=5,"✅ DONE",IF($I99<TODAY(),"🔴 OVERDUE",IF($I99=TODAY(),"🟢 TODAY",IF($I99=TODAY()+1,"🔵 TOMORROW",IF($I99<=TODAY()+7,"📅 THIS WEEK","⏳ SCHEDULED")))))) | K99: =IF($F99="",999,IF($G99>=5,9999,IF($I99="",999,$I99-TODAY())))
A100: =ROW()-2 | B100: S1 | C100: Méthodologie d'apprentissage - Terminologie | D100: Terminologie | E100: Terminologie médicale (préfixe, suffixe, racine) | H100: =IF($G100="",1,IF($G100=0,1,IF($G100=1,3,IF($G100=2,7,IF($G100=3,14,IF($G100=4,30,60)))))) | I100: =IF($F100="","",$F100+$H100) | J100: =IF($F100="","⚪ NEW",IF($G100>=5,"✅ DONE",IF($I100<TODAY(),"🔴 OVERDUE",IF($I100=TODAY(),"🟢 TODAY",IF($I100=TODAY()+1,"🔵 TOMORROW",IF($I100<=TODAY()+7,"📅 THIS WEEK","⏳ SCHEDULED")))))) | K100: =IF($F100="",999,IF($G100>=5,9999,IF($I100="",999,$I100-TODAY())))
A101: =ROW()-2 | B101: S1 | C101: Méthodologie d'apprentissage - Terminologie | D101: Terminologie | E101: Terminologie spécifique maxillo-faciale | H101: =IF($G101="",1,IF($G101=0,1,IF($G101=1,3,IF($G101=2,7,IF($G101=3,14,IF($G101=4,30,60)))))) | I101: =IF($F101="","",$F101+$H101) | J101: =IF($F101="","⚪ NEW",IF($G101>=5,"✅ DONE",IF($I101<TODAY(),"🔴 OVERDUE",IF($I101=TODAY(),"🟢 TODAY",IF($I101=TODAY()+1,"🔵 TOMORROW",IF($I101<=TODAY()+7,"📅 THIS WEEK","⏳ SCHEDULED")))))) | K101: =IF($F101="",999,IF($G101>=5,9999,IF($I101="",999,$I101-TODAY())))
A102: =ROW()-2 | B102: S1 | C102: Méthodologie d'apprentissage - Terminologie | D102: Terminologie | E102: Terminologie spécifique ORL | H102: =IF($G102="",1,IF($G102=0,1,IF($G102=1,3,IF($G102=2,7,IF($G102=3,14,IF($G102=4,30,60)))))) | I102: =IF($F102="","",$F102+$H102) | J102: =IF($F102="","⚪ NEW",IF($G102>=5,"✅ DONE",IF($I102<TODAY(),"🔴 OVERDUE",IF($I102=TODAY(),"🟢 TODAY",IF($I102=TODAY()+1,"🔵 TOMORROW",IF($I102<=TODAY()+7,"📅 THIS WEEK","⏳ SCHEDULED")))))) | K102: =IF($F102="",999,IF($G102>=5,9999,IF($I102="",999,$I102-TODAY())))
A103: =ROW()-2 | B103: S1 | C103: Méthodologie d'apprentissage - Terminologie | D103: Terminologie | E103: Terminologie de l'appareil locomoteur | H103: =IF($G103="",1,IF($G103=0,1,IF($G103=1,3,IF($G103=2,7,IF($G103=3,14,IF($G103=4,30,60)))))) | I103: =IF($F103="","",$F103+$H103) | J103: =IF($F103="","⚪ NEW",IF($G103>=5,"✅ DONE",IF($I103<TODAY(),"🔴 OVERDUE",IF($I103=TODAY(),"🟢 TODAY",IF($I103=TODAY()+1,"🔵 TOMORROW",IF($I103<=TODAY()+7,"📅 THIS WEEK","⏳ SCHEDULED")))))) | K103: =IF($F103="",999,IF($G103>=5,9999,IF($I103="",999,$I103-TODAY())))
A104: =ROW()-2 | B104: S1 | C104: Méthodologie d'apprentissage - Terminologie | D104: Terminologie | E104: Terminologie radiologique | H104: =IF($G104="",1,IF($G104=0,1,IF($G104=1,3,IF($G104=2,7,IF($G104=3,14,IF($G104=4,30,60)))))) | I104: =IF($F104="","",$F104+$H104) | J104: =IF($F104="","⚪ NEW",IF($G104>=5,"✅ DONE",IF($I104<TODAY(),"🔴 OVERDUE",IF($I104=TODAY(),"🟢 TODAY",IF($I104=TODAY()+1,"🔵 TOMORROW",IF($I104<=TODAY()+7,"📅 THIS WEEK","⏳ SCHEDULED")))))) | K104: =IF($F104="",999,IF($G104>=5,9999,IF($I104="",999,$I104-TODAY())))
A105: =ROW()-2 | B105: S1 | C105: Méthodologie d'apprentissage - Terminologie | D105: Terminologie | E105: Terminologie gynécologique | H105: =IF($G105="",1,IF($G105=0,1,IF($G105=1,3,IF($G105=2,7,IF($G105=3,14,IF($G105=4,30,60)))))) | I105: =IF($F105="","",$F105+$H105) | J105: =IF($F105="","⚪ NEW",IF($G105>=5,"✅ DONE",IF($I105<TODAY(),"🔴 OVERDUE",IF($I105=TODAY(),"🟢 TODAY",IF($I105=TODAY()+1,"🔵 TOMORROW",IF($I105<=TODAY()+7,"📅 THIS WEEK","⏳ SCHEDULED")))))) | K105: =IF($F105="",999,IF($G105>=5,9999,IF($I105="",999,$I105-TODAY())))
A106: =ROW()-2 | B106: S1 | C106: Méthodologie d'apprentissage - Terminologie | D106: Terminologie | E106: Terminologie spécifique de l'appareil respiratoire | H106: =IF($G106="",1,IF($G106=0,1,IF($G106=1,3,IF($G106=2,7,IF($G106=3,14,IF($G106=4,30,60)))))) | I106: =IF($F106="","",$F106+$H106) | J106: =IF($F106="","⚪ NEW",IF($G106>=5,"✅ DONE",IF($I106<TODAY(),"🔴 OVERDUE",IF($I106=TODAY(),"🟢 TODAY",IF($I106=TODAY()+1,"🔵 TOMORROW",IF($I106<=TODAY()+7,"📅 THIS WEEK","⏳ SCHEDULED")))))) | K106: =IF($F106="",999,IF($G106>=5,9999,IF($I106="",999,$I106-TODAY())))
A107: =ROW()-2 | B107: S1 | C107: Méthodologie d'apprentissage - Terminologie | D107: Terminologie | E107: Terminologie spécifique de l'appareil cardio-respiratoire | H107: =IF($G107="",1,IF($G107=0,1,IF($G107=1,3,IF($G107=2,7,IF($G107=3,14,IF($G107=4,30,60)))))) | I107: =IF($F107="","",$F107+$H107) | J107: =IF($F107="","⚪ NEW",IF($G107>=5,"✅ DONE",IF($I107<TODAY(),"🔴 OVERDUE",IF($I107=TODAY(),"🟢 TODAY",IF($I107=TODAY()+1,"🔵 TOMORROW",IF($I107<=TODAY()+7,"📅 THIS WEEK","⏳ SCHEDULED")))))) | K107: =IF($F107="",999,IF($G107>=5,9999,IF($I107="",999,$I107-TODAY())))
A108: =ROW()-2 | B108: S2 | C108: Anatomie II | E108: Anatomie de la cavité abdominale | H108: =IF($G108="",1,IF($G108=0,1,IF($G108=1,3,IF($G108=2,7,IF($G108=3,14,IF($G108=4,30,60)))))) | I108: =IF($F108="","",$F108+$H108) | J108: =IF($F108="","⚪ NEW",IF($G108>=5,"✅ DONE",IF($I108<TODAY(),"🔴 OVERDUE",IF($I108=TODAY(),"🟢 TODAY",IF($I108=TODAY()+1,"🔵 TOMORROW",IF($I108<=TODAY()+7,"📅 THIS WEEK","⏳ SCHEDULED")))))) | K108: =IF($F108="",999,IF($G108>=5,9999,IF($I108="",999,$I108-TODAY())))
A109: =ROW()-2 | B109: S2 | C109: Anatomie II | E109: Anatomie de la paroi abdominale | H109: =IF($G109="",1,IF($G109=0,1,IF($G109=1,3,IF($G109=2,7,IF($G109=3,14,IF($G109=4,30,60)))))) | I109: =IF($F109="","",$F109+$H109) | J109: =IF($F109="","⚪ NEW",IF($G109>=5,"✅ DONE",IF($I109<TODAY(),"🔴 OVERDUE",IF($I109=TODAY(),"🟢 TODAY",IF($I109=TODAY()+1,"🔵 TOMORROW",IF($I109<=TODAY()+7,"📅 THIS WEEK","⏳ SCHEDULED")))))) | K109: =IF($F109="",999,IF($G109>=5,9999,IF($I109="",999,$I109-TODAY())))
A110: =ROW()-2 | B110: S2 | C110: Anatomie II | E110: Anatomie de l'estomac | H110: =IF($G110="",1,IF($G110=0,1,IF($G110=1,3,IF($G110=2,7,IF($G110=3,14,IF($G110=4,30,60)))))) | I110: =IF($F110="","",$F110+$H110) | J110: =IF($F110="","⚪ NEW",IF($G110>=5,"✅ DONE",IF($I110<TODAY(),"🔴 OVERDUE",IF($I110=TODAY(),"🟢 TODAY",IF($I110=TODAY()+1,"🔵 TOMORROW",IF($I110<=TODAY()+7,"📅 THIS WEEK","⏳ SCHEDULED")))))) | K110: =IF($F110="",999,IF($G110>=5,9999,IF($I110="",999,$I110-TODAY())))
A111: =ROW()-2 | B111: S2 | C111: Anatomie II | E111: Anatomie du colon | H111: =IF($G111="",1,IF($G111=0,1,IF($G111=1,3,IF($G111=2,7,IF($G111=3,14,IF($G111=4,30,60)))))) | I111: =IF($F111="","",$F111+$H111) | J111: =IF($F111="","⚪ NEW",IF($G111>=5,"✅ DONE",IF($I111<TODAY(),"🔴 OVERDUE",IF($I111=TODAY(),"🟢 TODAY",IF($I111=TODAY()+1,"🔵 TOMORROW",IF($I111<=TODAY()+7,"📅 THIS WEEK","⏳ SCHEDULED")))))) | K111: =IF($F111="",999,IF($G111>=5,9999,IF($I111="",999,$I111-TODAY())))
A112: =ROW()-2 | B112: S2 | C112: Anatomie II | E112: Anatomie du rectum | H112: =IF($G112="",1,IF($G112=0,1,IF($G112=1,3,IF($G112=2,7,IF($G112=3,14,IF($G112=4,30,60)))))) | I112: =IF($F112="","",$F112+$H112) | J112: =IF($F112="","⚪ NEW",IF($G112>=5,"✅ DONE",IF($I112<TODAY(),"🔴 OVERDUE",IF($I112=TODAY(),"🟢 TODAY",IF($I112=TODAY()+1,"🔵 TOMORROW",IF($I112<=TODAY()+7,"📅 THIS WEEK","⏳ SCHEDULED")))))) | K112: =IF($F112="",999,IF($G112>=5,9999,IF($I112="",999,$I112-TODAY())))
A113: =ROW()-2 | B113: S2 | C113: Anatomie II | E113: Anatomie du jéjunum et de l'iléon | H113: =IF($G113="",1,IF($G113=0,1,IF($G113=1,3,IF($G113=2,7,IF($G113=3,14,IF($G113=4,30,60)))))) | I113: =IF($F113="","",$F113+$H113) | J113: =IF($F113="","⚪ NEW",IF($G113>=5,"✅ DONE",IF($I113<TODAY(),"🔴 OVERDUE",IF($I113=TODAY(),"🟢 TODAY",IF($I113=TODAY()+1,"🔵 TOMORROW",IF($I113<=TODAY()+7,"📅 THIS WEEK","⏳ SCHEDULED")))))) | K113: =IF($F113="",999,IF($G113>=5,9999,IF($I113="",999,$I113-TODAY())))
A114: =ROW()-2 | B114: S2 | C114: Anatomie II | E114: Anatomie de la rate | H114: =IF($G114="",1,IF($G114=0,1,IF($G114=1,3,IF($G114=2,7,IF($G114=3,14,IF($G114=4,30,60)))))) | I114: =IF($F114="","",$F114+$H114) | J114: =IF($F114="","⚪ NEW",IF($G114>=5,"✅ DONE",IF($I114<TODAY(),"🔴 OVERDUE",IF($I114=TODAY(),"🟢 TODAY",IF($I114=TODAY()+1,"🔵 TOMORROW",IF($I114<=TODAY()+7,"📅 THIS WEEK","⏳ SCHEDULED")))))) | K114: =IF($F114="",999,IF($G114>=5,9999,IF($I114="",999,$I114-TODAY())))
A115: =ROW()-2 | B115: S2 | C115: Anatomie II | E115: Anatomie du duodénum | H115: =IF($G115="",1,IF($G115=0,1,IF($G115=1,3,IF($G115=2,7,IF($G115=3,14,IF($G115=4,30,60)))))) | I115: =IF($F115="","",$F115+$H115) | J115: =IF($F115="","⚪ NEW",IF($G115>=5,"✅ DONE",IF($I115<TODAY(),"🔴 OVERDUE",IF($I115=TODAY(),"🟢 TODAY",IF($I115=TODAY()+1,"🔵 TOMORROW",IF($I115<=TODAY()+7,"📅 THIS WEEK","⏳ SCHEDULED")))))) | K115: =IF($F115="",999,IF($G115>=5,9999,IF($I115="",999,$I115-TODAY())))
A116: =ROW()-2 | B116: S2 | C116: Anatomie II | E116: Anatomie du pancréas | H116: =IF($G116="",1,IF($G116=0,1,IF($G116=1,3,IF($G116=2,7,IF($G116=3,14,IF($G116=4,30,60)))))) | I116: =IF($F116="","",$F116+$H116) | J116: =IF($F116="","⚪ NEW",IF($G116>=5,"✅ DONE",IF($I116<TODAY(),"🔴 OVERDUE",IF($I116=TODAY(),"🟢 TODAY",IF($I116=TODAY()+1,"🔵 TOMORROW",IF($I116<=TODAY()+7,"📅 THIS WEEK","⏳ SCHEDULED")))))) | K116: =IF($F116="",999,IF($G116>=5,9999,IF($I116="",999,$I116-TODAY())))
A117: =ROW()-2 | B117: S2 | C117: Anatomie II | E117: Anatomie du foie | H117: =IF($G117="",1,IF($G117=0,1,IF($G117=1,3,IF($G117=2,7,IF($G117=3,14,IF($G117=4,30,60)))))) | I117: =IF($F117="","",$F117+$H117) | J117: =IF($F117="","⚪ NEW",IF($G117>=5,"✅ DONE",IF($I117<TODAY(),"🔴 OVERDUE",IF($I117=TODAY(),"🟢 TODAY",IF($I117=TODAY()+1,"🔵 TOMORROW",IF($I117<=TODAY()+7,"📅 THIS WEEK","⏳ SCHEDULED")))))) | K117: =IF($F117="",999,IF($G117>=5,9999,IF($I117="",999,$I117-TODAY())))
A118: =ROW()-2 | B118: S2 | C118: Anatomie II | E118: Anatomie du rein | H118: =IF($G118="",1,IF($G118=0,1,IF($G118=1,3,IF($G118=2,7,IF($G118=3,14,IF($G118=4,30,60)))))) | I118: =IF($F118="","",$F118+$H118) | J118: =IF($F118="","⚪ NEW",IF($G118>=5,"✅ DONE",IF($I118<TODAY(),"🔴 OVERDUE",IF($I118=TODAY(),"🟢 TODAY",IF($I118=TODAY()+1,"🔵 TOMORROW",IF($I118<=TODAY()+7,"📅 THIS WEEK","⏳ SCHEDULED")))))) | K118: =IF($F118="",999,IF($G118>=5,9999,IF($I118="",999,$I118-TODAY())))
A119: =ROW()-2 | B119: S2 | C119: Anatomie II | E119: Les voies excrétrices urinaires | H119: =IF($G119="",1,IF($G119=0,1,IF($G119=1,3,IF($G119=2,7,IF($G119=3,14,IF($G119=4,30,60)))))) | I119: =IF($F119="","",$F119+$H119) | J119: =IF($F119="","⚪ NEW",IF($G119>=5,"✅ DONE",IF($I119<TODAY(),"🔴 OVERDUE",IF($I119=TODAY(),"🟢 TODAY",IF($I119=TODAY()+1,"🔵 TOMORROW",IF($I119<=TODAY()+7,"📅 THIS WEEK","⏳ SCHEDULED")))))) | K119: =IF($F119="",999,IF($G119>=5,9999,IF($I119="",999,$I119-TODAY())))
... A129: =ROW()-2 | B129: S2 | C129: Anatomie II | E129: Les veines iliaques | H129: =IF($G129="",1,IF($G129=0,1,IF($G129=1,3,IF($G129=2,7,IF($G129=3,14,IF($G129=4,30,60)))))) | I129: =IF($F129="","",$F129+$H129) | J129: =IF($F129="","⚪ NEW",IF($G129>=5,"✅ DONE",IF($I129<TODAY(),"🔴 OVERDUE",IF($I129=TODAY(),"🟢 TODAY",IF($I129=TODAY()+1,"🔵 TOMORROW",IF($I129<=TODAY()+7,"📅 THIS WEEK","⏳ SCHEDULED")))))) | K129: =IF($F129="",999,IF($G129>=5,9999,IF($I129="",999,$I129-TODAY())))
A130: =ROW()-2 | B130: S2 | C130: Histologie-Embryologie I | D130: Histologie | E130: Tissu épithélial | H130: =IF($G130="",1,IF($G130=0,1,IF($G130=1,3,IF($G130=2,7,IF($G130=3,14,IF($G130=4,30,60)))))) | I130: =IF($F130="","",$F130+$H130) | J130: =IF($F130="","⚪ NEW",IF($G130>=5,"✅ DONE",IF($I130<TODAY(),"🔴 OVERDUE",IF($I130=TODAY(),"🟢 TODAY",IF($I130=TODAY()+1,"🔵 TOMORROW",IF($I130<=TODAY()+7,"📅 THIS WEEK","⏳ SCHEDULED")))))) | K130: =IF($F130="",999,IF($G130>=5,9999,IF($I130="",999,$I130-TODAY())))
A131: =ROW()-2 | B131: S2 | C131: Histologie-Embryologie I | D131: Histologie | E131: Tissu conjonctif ordinaire | H131: =IF($G131="",1,IF($G131=0,1,IF($G131=1,3,IF($G131=2,7,IF($G131=3,14,IF($G131=4,30,60)))))) | I131: =IF($F131="","",$F131+$H131) | J131: =IF($F131="","⚪ NEW",IF($G131>=5,"✅ DONE",IF($I131<TODAY(),"🔴 OVERDUE",IF($I131=TODAY(),"🟢 TODAY",IF($I131=TODAY()+1,"🔵 TOMORROW",IF($I131<=TODAY()+7,"📅 THIS WEEK","⏳ SCHEDULED")))))) | K131: =IF($F131="",999,IF($G131>=5,9999,IF($I131="",999,$I131-TODAY())))
A132: =ROW()-2 | B132: S2 | C132: Histologie-Embryologie I | D132: Histologie | E132: Tissu cartilagineux | H132: =IF($G132="",1,IF($G132=0,1,IF($G132=1,3,IF($G132=2,7,IF($G132=3,14,IF($G132=4,30,60)))))) | I132: =IF($F132="","",$F132+$H132) | J132: =IF($F132="","⚪ NEW",IF($G132>=5,"✅ DONE",IF($I132<TODAY(),"🔴 OVERDUE",IF($I132=TODAY(),"🟢 TODAY",IF($I132=TODAY()+1,"🔵 TOMORROW",IF($I132<=TODAY()+7,"📅 THIS WEEK","⏳ SCHEDULED")))))) | K132: =IF($F132="",999,IF($G132>=5,9999,IF($I132="",999,$I132-TODAY())))
A133: =ROW()-2 | B133: S2 | C133: Histologie-Embryologie I | D133: Histologie | E133: Tissu osseux | H133: =IF($G133="",1,IF($G133=0,1,IF($G133=1,3,IF($G133=2,7,IF($G133=3,14,IF($G133=4,30,60)))))) | I133: =IF($F133="","",$F133+$H133) | J133: =IF($F133="","⚪ NEW",IF($G133>=5,"✅ DONE",IF($I133<TODAY(),"🔴 OVERDUE",IF($I133=TODAY(),"🟢 TODAY",IF($I133=TODAY()+1,"🔵 TOMORROW",IF($I133<=TODAY()+7,"📅 THIS WEEK","⏳ SCHEDULED")))))) | K133: =IF($F133="",999,IF($G133>=5,9999,IF($I133="",999,$I133-TODAY())))
A134: =ROW()-2 | B134: S2 | C134: Histologie-Embryologie I | D134: Histologie | E134: Tissu musculaire | H134: =IF($G134="",1,IF($G134=0,1,IF($G134=1,3,IF($G134=2,7,IF($G134=3,14,IF($G134=4,30,60)))))) | I134: =IF($F134="","",$F134+$H134) | J134: =IF($F134="","⚪ NEW",IF($G134>=5,"✅ DONE",IF($I134<TODAY(),"🔴 OVERDUE",IF($I134=TODAY(),"🟢 TODAY",IF($I134=TODAY()+1,"🔵 TOMORROW",IF($I134<=TODAY()+7,"📅 THIS WEEK","⏳ SCHEDULED")))))) | K134: =IF($F134="",999,IF($G134>=5,9999,IF($I134="",999,$I134-TODAY())))
A135: =ROW()-2 | B135: S2 | C135: Histologie-Embryologie I | D135: Histologie | E135: Tissu nerveux | H135: =IF($G135="",1,IF($G135=0,1,IF($G135=1,3,IF($G135=2,7,IF($G135=3,14,IF($G135=4,30,60)))))) | I135: =IF($F135="","",$F135+$H135) | J135: =IF($F135="","⚪ NEW",IF($G135>=5,"✅ DONE",IF($I135<TODAY(),"🔴 OVERDUE",IF($I135=TODAY(),"🟢 TODAY",IF($I135=TODAY()+1,"🔵 TOMORROW",IF($I135<=TODAY()+7,"📅 THIS WEEK","⏳ SCHEDULED")))))) | K135: =IF($F135="",999,IF($G135>=5,9999,IF($I135="",999,$I135-TODAY())))
A136: =ROW()-2 | B136: S2 | C136: Histologie-Embryologie I | D136: Histologie | E136: Appareil circulatoire | H136: =IF($G136="",1,IF($G136=0,1,IF($G136=1,3,IF($G136=2,7,IF($G136=3,14,IF($G136=4,30,60)))))) | I136: =IF($F136="","",$F136+$H136) | J136: =IF($F136="","⚪ NEW",IF($G136>=5,"✅ DONE",IF($I136<TODAY(),"🔴 OVERDUE",IF($I136=TODAY(),"🟢 TODAY",IF($I136=TODAY()+1,"🔵 TOMORROW",IF($I136<=TODAY()+7,"📅 THIS WEEK","⏳ SCHEDULED")))))) | K136: =IF($F136="",999,IF($G136>=5,9999,IF($I136="",999,$I136-TODAY())))
A137: =ROW()-2 | B137: S2 | C137: Histologie-Embryologie I | D137: Embryologie I | E137: Première semaine du développement embryonnaire | H137: =IF($G137="",1,IF($G137=0,1,IF($G137=1,3,IF($G137=2,7,IF($G137=3,14,IF($G137=4,30,60)))))) | I137: =IF($F137="","",$F137+$H137) | J137: =IF($F137="","⚪ NEW",IF($G137>=5,"✅ DONE",IF($I137<TODAY(),"🔴 OVERDUE",IF($I137=TODAY(),"🟢 TODAY",IF($I137=TODAY()+1,"🔵 TOMORROW",IF($I137<=TODAY()+7,"📅 THIS WEEK","⏳ SCHEDULED")))))) | K137: =IF($F137="",999,IF($G137>=5,9999,IF($I137="",999,$I137-TODAY())))
A138: =ROW()-2 | B138: S2 | C138: Histologie-Embryologie I | D138: Embryologie I | E138: Deuxième semaine du développement embryonnaire | H138: =IF($G138="",1,IF($G138=0,1,IF($G138=1,3,IF($G138=2,7,IF($G138=3,14,IF($G138=4,30,60)))))) | I138: =IF($F138="","",$F138+$H138) | J138: =IF($F138="","⚪ NEW",IF($G138>=5,"✅ DONE",IF($I138<TODAY(),"🔴 OVERDUE",IF($I138=TODAY(),"🟢 TODAY",IF($I138=TODAY()+1,"🔵 TOMORROW",IF($I138<=TODAY()+7,"📅 THIS WEEK","⏳ SCHEDULED")))))) | K138: =IF($F138="",999,IF($G138>=5,9999,IF($I138="",999,$I138-TODAY())))
A139: =ROW()-2 | B139: S2 | C139: Histologie-Embryologie I | D139: Embryologie I | E139: Troisième semaine du développement embryonnaire | H139: =IF($G139="",1,IF($G139=0,1,IF($G139=1,3,IF($G139=2,7,IF($G139=3,14,IF($G139=4,30,60)))))) | I139: =IF($F139="","",$F139+$H139) | J139: =IF($F139="","⚪ NEW",IF($G139>=5,"✅ DONE",IF($I139<TODAY(),"🔴 OVERDUE",IF($I139=TODAY(),"🟢 TODAY",IF($I139=TODAY()+1,"🔵 TOMORROW",IF($I139<=TODAY()+7,"📅 THIS WEEK","⏳ SCHEDULED")))))) | K139: =IF($F139="",999,IF($G139>=5,9999,IF($I139="",999,$I139-TODAY())))
A140: =ROW()-2 | B140: S2 | C140: Histologie-Embryologie I | D140: Embryologie I | E140: Quatrième semaine du développement embryonnaire | H140: =IF($G140="",1,IF($G140=0,1,IF($G140=1,3,IF($G140=2,7,IF($G140=3,14,IF($G140=4,30,60)))))) | I140: =IF($F140="","",$F140+$H140) | J140: =IF($F140="","⚪ NEW",IF($G140>=5,"✅ DONE",IF($I140<TODAY(),"🔴 OVERDUE",IF($I140=TODAY(),"🟢 TODAY",IF($I140=TODAY()+1,"🔵 TOMORROW",IF($I140<=TODAY()+7,"📅 THIS WEEK","⏳ SCHEDULED")))))) | K140: =IF($F140="",999,IF($G140>=5,9999,IF($I140="",999,$I140-TODAY())))
A141: =ROW()-2 | B141: S2 | C141: Histologie-Embryologie I | D141: Embryologie I | E141: Placenta et membranes amniotiques | H141: =IF($G141="",1,IF($G141=0,1,IF($G141=1,3,IF($G141=2,7,IF($G141=3,14,IF($G141=4,30,60)))))) | I141: =IF($F141="","",$F141+$H141) | J141: =IF($F141="","⚪ NEW",IF($G141>=5,"✅ DONE",IF($I141<TODAY(),"🔴 OVERDUE",IF($I141=TODAY(),"🟢 TODAY",IF($I141=TODAY()+1,"🔵 TOMORROW",IF($I141<=TODAY()+7,"📅 THIS WEEK","⏳ SCHEDULED")))))) | K141: =IF($F141="",999,IF($G141>=5,9999,IF($I141="",999,$I141-TODAY())))
... A145: =ROW()-2 | B145: S2 | C145: Histologie-Embryologie I | D145: Biologie de la reproduction | E145: La fécondation | H145: =IF($G145="",1,IF($G145=0,1,IF($G145=1,3,IF($G145=2,7,IF($G145=3,14,IF($G145=4,30,60)))))) | I145: =IF($F145="","",$F145+$H145) | J145: =IF($F145="","⚪ NEW",IF($G145>=5,"✅ DONE",IF($I145<TODAY(),"🔴 OVERDUE",IF($I145=TODAY(),"🟢 TODAY",IF($I145=TODAY()+1,"🔵 TOMORROW",IF($I145<=TODAY()+7,"📅 THIS WEEK","⏳ SCHEDULED")))))) | K145: =IF($F145="",999,IF($G145>=5,9999,IF($I145="",999,$I145-TODAY())))
A146: =ROW()-2 | B146: S2 | C146: Biophysique | E146: Atomes (rappel) | H146: =IF($G146="",1,IF($G146=0,1,IF($G146=1,3,IF($G146=2,7,IF($G146=3,14,IF($G146=4,30,60)))))) | I146: =IF($F146="","",$F146+$H146) | J146: =IF($F146="","⚪ NEW",IF($G146>=5,"✅ DONE",IF($I146<TODAY(),"🔴 OVERDUE",IF($I146=TODAY(),"🟢 TODAY",IF($I146=TODAY()+1,"🔵 TOMORROW",IF($I146<=TODAY()+7,"📅 THIS WEEK","⏳ SCHEDULED")))))) | K146: =IF($F146="",999,IF($G146>=5,9999,IF($I146="",999,$I146-TODAY())))
A147: =ROW()-2 | B147: S2 | C147: Biophysique | E147: Phénomènes de radioactivité | H147: =IF($G147="",1,IF($G147=0,1,IF($G147=1,3,IF($G147=2,7,IF($G147=3,14,IF($G147=4,30,60)))))) | I147: =IF($F147="","",$F147+$H147) | J147: =IF($F147="","⚪ NEW",IF($G147>=5,"✅ DONE",IF($I147<TODAY(),"🔴 OVERDUE",IF($I147=TODAY(),"🟢 TODAY",IF($I147=TODAY()+1,"🔵 TOMORROW",IF($I147<=TODAY()+7,"📅 THIS WEEK","⏳ SCHEDULED")))))) | K147: =IF($F147="",999,IF($G147>=5,9999,IF($I147="",999,$I147-TODAY())))
A148: =ROW()-2 | B148: S2 | C148: Biophysique | E148: Cinétique des transformations radioactives | H148: =IF($G148="",1,IF($G148=0,1,IF($G148=1,3,IF($G148=2,7,IF($G148=3,14,IF($G148=4,30,60)))))) | I148: =IF($F148="","",$F148+$H148) | J148: =IF($F148="","⚪ NEW",IF($G148>=5,"✅ DONE",IF($I148<TODAY(),"🔴 OVERDUE",IF($I148=TODAY(),"🟢 TODAY",IF($I148=TODAY()+1,"🔵 TOMORROW",IF($I148<=TODAY()+7,"📅 THIS WEEK","⏳ SCHEDULED")))))) | K148: =IF($F148="",999,IF($G148>=5,9999,IF($I148="",999,$I148-TODAY())))
A149: =ROW()-2 | B149: S2 | C149: Biophysique | E149: Interaction des rayonnements ionisants avec la matière | H149: =IF($G149="",1,IF($G149=0,1,IF($G149=1,3,IF($G149=2,7,IF($G149=3,14,IF($G149=4,30,60)))))) | I149: =IF($F149="","",$F149+$H149) | J149: =IF($F149="","⚪ NEW",IF($G149>=5,"✅ DONE",IF($I149<TODAY(),"🔴 OVERDUE",IF($I149=TODAY(),"🟢 TODAY",IF($I149=TODAY()+1,"🔵 TOMORROW",IF($I149<=TODAY()+7,"📅 THIS WEEK","⏳ SCHEDULED")))))) | K149: =IF($F149="",999,IF($G149>=5,9999,IF($I149="",999,$I149-TODAY())))
A150: =ROW()-2 | B150: S2 | C150: Biophysique | E150: Les détecteurs des rayonnements ionisants | H150: =IF($G150="",1,IF($G150=0,1,IF($G150=1,3,IF($G150=2,7,IF($G150=3,14,IF($G150=4,30,60)))))) | I150: =IF($F150="","",$F150+$H150) | J150: =IF($F150="","⚪ NEW",IF($G150>=5,"✅ DONE",IF($I150<TODAY(),"🔴 OVERDUE",IF($I150=TODAY(),"🟢 TODAY",IF($I150=TODAY()+1,"🔵 TOMORROW",IF($I150<=TODAY()+7,"📅 THIS WEEK","⏳ SCHEDULED")))))) | K150: =IF($F150="",999,IF($G150>=5,9999,IF($I150="",999,$I150-TODAY())))
A151: =ROW()-2 | B151: S2 | C151: Biophysique | E151: Biophysique de la vision | H151: =IF($G151="",1,IF($G151=0,1,IF($G151=1,3,IF($G151=2,7,IF($G151=3,14,IF($G151=4,30,60)))))) | I151: =IF($F151="","",$F151+$H151) | J151: =IF($F151="","⚪ NEW",IF($G151>=5,"✅ DONE",IF($I151<TODAY(),"🔴 OVERDUE",IF($I151=TODAY(),"🟢 TODAY",IF($I151=TODAY()+1,"🔵 TOMORROW",IF($I151<=TODAY()+7,"📅 THIS WEEK","⏳ SCHEDULED")))))) | K151: =IF($F151="",999,IF($G151>=5,9999,IF($I151="",999,$I151-TODAY())))
A152: =ROW()-2 | B152: S2 | C152: Biophysique | E152: Biophysique de l'audition | H152: =IF($G152="",1,IF($G152=0,1,IF($G152=1,3,IF($G152=2,7,IF($G152=3,14,IF($G152=4,30,60)))))) | I152: =IF($F152="","",$F152+$H152) | J152: =IF($F152="","⚪ NEW",IF($G152>=5,"✅ DONE",IF($I152<TODAY(),"🔴 OVERDUE",IF($I152=TODAY(),"🟢 TODAY",IF($I152=TODAY()+1,"🔵 TOMORROW",IF($I152<=TODAY()+7,"📅 THIS WEEK","⏳ SCHEDULED")))))) | K152: =IF($F152="",999,IF($G152>=5,9999,IF($I152="",999,$I152-TODAY())))
A153: =ROW()-2 | B153: S2 | C153: Biophysique | E153: Grandeurs extensives | H153: =IF($G153="",1,IF($G153=0,1,IF($G153=1,3,IF($G153=2,7,IF($G153=3,14,IF($G153=4,30,60)))))) | I153: =IF($F153="","",$F153+$H153) | J153: =IF($F153="","⚪ NEW",IF($G153>=5,"✅ DONE",IF($I153<TODAY(),"🔴 OVERDUE",IF($I153=TODAY(),"🟢 TODAY",IF($I153=TODAY()+1,"🔵 TOMORROW",IF($I153<=TODAY()+7,"📅 THIS WEEK","⏳ SCHEDULED")))))) | K153: =IF($F153="",999,IF($G153>=5,9999,IF($I153="",999,$I153-TODAY())))
A154: =ROW()-2 | B154: S2 | C154: Biophysique | E154: Forces et grandeurs dérivées | H154: =IF($G154="",1,IF($G154=0,1,IF($G154=1,3,IF($G154=2,7,IF($G154=3,14,IF($G154=4,30,60)))))) | I154: =IF($F154="","",$F154+$H154) | J154: =IF($F154="","⚪ NEW",IF($G154>=5,"✅ DONE",IF($I154<TODAY(),"🔴 OVERDUE",IF($I154=TODAY(),"🟢 TODAY",IF($I154=TODAY()+1,"🔵 TOMORROW",IF($I154<=TODAY()+7,"📅 THIS WEEK","⏳ SCHEDULED")))))) | K154: =IF($F154="",999,IF($G154>=5,9999,IF($I154="",999,$I154-TODAY())))
A155: =ROW()-2 | B155: S2 | C155: Biophysique | E155: États gazeux | H155: =IF($G155="",1,IF($G155=0,1,IF($G155=1,3,IF($G155=2,7,IF($G155=3,14,IF($G155=4,30,60)))))) | I155: =IF($F155="","",$F155+$H155) | J155: =IF($F155="","⚪ NEW",IF($G155>=5,"✅ DONE",IF($I155<TODAY(),"🔴 OVERDUE",IF($I155=TODAY(),"🟢 TODAY",IF($I155=TODAY()+1,"🔵 TOMORROW",IF($I155<=TODAY()+7,"📅 THIS WEEK","⏳ SCHEDULED")))))) | K155: =IF($F155="",999,IF($G155>=5,9999,IF($I155="",999,$I155-TODAY())))
A156: =ROW()-2 | B156: S2 | C156: Biophysique | E156: Les solutions | H156: =IF($G156="",1,IF($G156=0,1,IF($G156=1,3,IF($G156=2,7,IF($G156=3,14,IF($G156=4,30,60)))))) | I156: =IF($F156="","",$F156+$H156) | J156: =IF($F156="","⚪ NEW",IF($G156>=5,"✅ DONE",IF($I156<TODAY(),"🔴 OVERDUE",IF($I156=TODAY(),"🟢 TODAY",IF($I156=TODAY()+1,"🔵 TOMORROW",IF($I156<=TODAY()+7,"📅 THIS WEEK","⏳ SCHEDULED")))))) | K156: =IF($F156="",999,IF($G156>=5,9999,IF($I156="",999,$I156-TODAY())))
A157: =ROW()-2 | B157: S2 | C157: Biophysique | E157: Mouvement de convection d'un fluide | H157: =IF($G157="",1,IF($G157=0,1,IF($G157=1,3,IF($G157=2,7,IF($G157=3,14,IF($G157=4,30,60)))))) | I157: =IF($F157="","",$F157+$H157) | J157: =IF($F157="","⚪ NEW",IF($G157>=5,"✅ DONE",IF($I157<TODAY(),"🔴 OVERDUE",IF($I157=TODAY(),"🟢 TODAY",IF($I157=TODAY()+1,"🔵 TOMORROW",IF($I157<=TODAY()+7,"📅 THIS WEEK","⏳ SCHEDULED")))))) | K157: =IF($F157="",999,IF($G157>=5,9999,IF($I157="",999,$I157-TODAY())))
... A171: =ROW()-2 | B171: S2 | C171: Biophysique | E171: Radioprotection | H171: =IF($G171="",1,IF($G171=0,1,IF($G171=1,3,IF($G171=2,7,IF($G171=3,14,IF($G171=4,30,60)))))) | I171: =IF($F171="","",$F171+$H171) | J171: =IF($F171="","⚪ NEW",IF($G171>=5,"✅ DONE",IF($I171<TODAY(),"🔴 OVERDUE",IF($I171=TODAY(),"🟢 TODAY",IF($I171=TODAY()+1,"🔵 TOMORROW",IF($I171<=TODAY()+7,"📅 THIS WEEK","⏳ SCHEDULED")))))) | K171: =IF($F171="",999,IF($G171>=5,9999,IF($I171="",999,$I171-TODAY())))
A172: =ROW()-2 | B172: S2 | C172: Histoire et psycho-social | D172: Histoire de la médecine | E172: Histoire de la médecine arabo-musulmane | H172: =IF($G172="",1,IF($G172=0,1,IF($G172=1,3,IF($G172=2,7,IF($G172=3,14,IF($G172=4,30,60)))))) | I172: =IF($F172="","",$F172+$H172) | J172: =IF($F172="","⚪ NEW",IF($G172>=5,"✅ DONE",IF($I172<TODAY(),"🔴 OVERDUE",IF($I172=TODAY(),"🟢 TODAY",IF($I172=TODAY()+1,"🔵 TOMORROW",IF($I172<=TODAY()+7,"📅 THIS WEEK","⏳ SCHEDULED")))))) | K172: =IF($F172="",999,IF($G172>=5,9999,IF($I172="",999,$I172-TODAY())))
A173: =ROW()-2 | B173: S2 | C173: Histoire et psycho-social | D173: Histoire de la médecine | E173: Histoire de la chirurgie | H173: =IF($G173="",1,IF($G173=0,1,IF($G173=1,3,IF($G173=2,7,IF($G173=3,14,IF($G173=4,30,60)))))) | I173: =IF($F173="","",$F173+$H173) | J173: =IF($F173="","⚪ NEW",IF($G173>=5,"✅ DONE",IF($I173<TODAY(),"🔴 OVERDUE",IF($I173=TODAY(),"🟢 TODAY",IF($I173=TODAY()+1,"🔵 TOMORROW",IF($I173<=TODAY()+7,"📅 THIS WEEK","⏳ SCHEDULED")))))) | K173: =IF($F173="",999,IF($G173>=5,9999,IF($I173="",999,$I173-TODAY())))
A174: =ROW()-2 | B174: S2 | C174: Histoire et psycho-social | D174: Histoire de la médecine | E174: Histoire des hôpitaux | H174: =IF($G174="",1,IF($G174=0,1,IF($G174=1,3,IF($G174=2,7,IF($G174=3,14,IF($G174=4,30,60)))))) | I174: =IF($F174="","",$F174+$H174) | J174: =IF($F174="","⚪ NEW",IF($G174>=5,"✅ DONE",IF($I174<TODAY(),"🔴 OVERDUE",IF($I174=TODAY(),"🟢 TODAY",IF($I174=TODAY()+1,"🔵 TOMORROW",IF($I174<=TODAY()+7,"📅 THIS WEEK","⏳ SCHEDULED")))))) | K174: =IF($F174="",999,IF($G174>=5,9999,IF($I174="",999,$I174-TODAY())))
A175: =ROW()-2 | B175: S2 | C175: Histoire et psycho-social | D175: Histoire de la médecine | E175: Histoire de la médecine | H175: =IF($G175="",1,IF($G175=0,1,IF($G175=1,3,IF($G175=2,7,IF($G175=3,14,IF($G175=4,30,60)))))) | I175: =IF($F175="","",$F175+$H175) | J175: =IF($F175="","⚪ NEW",IF($G175>=5,"✅ DONE",IF($I175<TODAY(),"🔴 OVERDUE",IF($I175=TODAY(),"🟢 TODAY",IF($I175=TODAY()+1,"🔵 TOMORROW",IF($I175<=TODAY()+7,"📅 THIS WEEK","⏳ SCHEDULED")))))) | K175: =IF($F175="",999,IF($G175>=5,9999,IF($I175="",999,$I175-TODAY())))
A176: =ROW()-2 | B176: S2 | C176: Histoire et psycho-social | D176: Histoire de la médecine | E176: La médecine primitive magique | H176: =IF($G176="",1,IF($G176=0,1,IF($G176=1,3,IF($G176=2,7,IF($G176=3,14,IF($G176=4,30,60)))))) | I176: =IF($F176="","",$F176+$H176) | J176: =IF($F176="","⚪ NEW",IF($G176>=5,"✅ DONE",IF($I176<TODAY(),"🔴 OVERDUE",IF($I176=TODAY(),"🟢 TODAY",IF($I176=TODAY()+1,"🔵 TOMORROW",IF($I176<=TODAY()+7,"📅 THIS WEEK","⏳ SCHEDULED")))))) | K176: =IF($F176="",999,IF($G176>=5,9999,IF($I176="",999,$I176-TODAY())))
A177: =ROW()-2 | B177: S2 | C177: Histoire et psycho-social | D177: Histoire de la médecine | E177: La médecine archaïque | H177: =IF($G177="",1,IF($G177=0,1,IF($G177=1,3,IF($G177=2,7,IF($G177=3,14,IF($G177=4,30,60)))))) | I177: =IF($F177="","",$F177+$H177) | J177: =IF($F177="","⚪ NEW",IF($G177>=5,"✅ DONE",IF($I177<TODAY(),"🔴 OVERDUE",IF($I177=TODAY(),"🟢 TODAY",IF($I177=TODAY()+1,"🔵 TOMORROW",IF($I177<=TODAY()+7,"📅 THIS WEEK","⏳ SCHEDULED")))))) | K177: =IF($F177="",999,IF($G177>=5,9999,IF($I177="",999,$I177-TODAY())))
A178: =ROW()-2 | B178: S2 | C178: Histoire et psycho-social | D178: Histoire de la médecine | E178: La médecine grecque hippocratique | H178: =IF($G178="",1,IF($G178=0,1,IF($G178=1,3,IF($G178=2,7,IF($G178=3,14,IF($G178=4,30,60)))))) | I178: =IF($F178="","",$F178+$H178) | J178: =IF($F178="","⚪ NEW",IF($G178>=5,"✅ DONE",IF($I178<TODAY(),"🔴 OVERDUE",IF($I178=TODAY(),"🟢 TODAY",IF($I178=TODAY()+1,"🔵 TOMORROW",IF($I178<=TODAY()+7,"📅 THIS WEEK","⏳ SCHEDULED")))))) | K178: =IF($F178="",999,IF($G178>=5,9999,IF($I178="",999,$I178-TODAY())))
A179: =ROW()-2 | B179: S2 | C179: Histoire et psycho-social | D179: Histoire de la médecine | E179: La médecine byzantine | H179: =IF($G179="",1,IF($G179=0,1,IF($G179=1,3,IF($G179=2,7,IF($G179=3,14,IF($G179=4,30,60)))))) | I179: =IF($F179="","",$F179+$H179) | J179: =IF($F179="","⚪ NEW",IF($G179>=5,"✅ DONE",IF($I179<TODAY(),"🔴 OVERDUE",IF($I179=TODAY(),"🟢 TODAY",IF($I179=TODAY()+1,"🔵 TOMORROW",IF($I179<=TODAY()+7,"📅 THIS WEEK","⏳ SCHEDULED")))))) | K179: =IF($F179="",999,IF($G179>=5,9999,IF($I179="",999,$I179-TODAY())))
A180: =ROW()-2 | B180: S2 | C180: Histoire et psycho-social | D180: Histoire de la médecine | E180: La médecine arabe | H180: =IF($G180="",1,IF($G180=0,1,IF($G180=1,3,IF($G180=2,7,IF($G180=3,14,IF($G180=4,30,60)))))) | I180: =IF($F180="","",$F180+$H180) | J180: =IF($F180="","⚪ NEW",IF($G180>=5,"✅ DONE",IF($I180<TODAY(),"🔴 OVERDUE",IF($I180=TODAY(),"🟢 TODAY",IF($I180=TODAY()+1,"🔵 TOMORROW",IF($I180<=TODAY()+7,"📅 THIS WEEK","⏳ SCHEDULED")))))) | K180: =IF($F180="",999,IF($G180>=5,9999,IF($I180="",999,$I180-TODAY())))
A181: =ROW()-2 | B181: S2 | C181: Histoire et psycho-social | D181: Histoire de la médecine | E181: Médecine du Moyen Âge | H181: =IF($G181="",1,IF($G181=0,1,IF($G181=1,3,IF($G181=2,7,IF($G181=3,14,IF($G181=4,30,60)))))) | I181: =IF($F181="","",$F181+$H181) | J181: =IF($F181="","⚪ NEW",IF($G181>=5,"✅ DONE",IF($I181<TODAY(),"🔴 OVERDUE",IF($I181=TODAY(),"🟢 TODAY",IF($I181=TODAY()+1,"🔵 TOMORROW",IF($I181<=TODAY()+7,"📅 THIS WEEK","⏳ SCHEDULED")))))) | K181: =IF($F181="",999,IF($G181>=5,9999,IF($I181="",999,$I181-TODAY())))
A182: =ROW()-2 | B182: S2 | C182: Histoire et psycho-social | D182: Histoire de la médecine | E182: Humanisme et phase pré-moderne | H182: =IF($G182="",1,IF($G182=0,1,IF($G182=1,3,IF($G182=2,7,IF($G182=3,14,IF($G182=4,30,60)))))) | I182: =IF($F182="","",$F182+$H182) | J182: =IF($F182="","⚪ NEW",IF($G182>=5,"✅ DONE",IF($I182<TODAY(),"🔴 OVERDUE",IF($I182=TODAY(),"🟢 TODAY",IF($I182=TODAY()+1,"🔵 TOMORROW",IF($I182<=TODAY()+7,"📅 THIS WEEK","⏳ SCHEDULED")))))) | K182: =IF($F182="",999,IF($G182>=5,9999,IF($I182="",999,$I182-TODAY())))
A183: =ROW()-2 | B183: S2 | C183: Histoire et psycho-social | D183: Histoire de la médecine | E183: Médecine moderne et post-moderne | H183: =IF($G183="",1,IF($G183=0,1,IF($G183=1,3,IF($G183=2,7,IF($G183=3,14,IF($G183=4,30,60)))))) | I183: =IF($F183="","",$F183+$H183) | J183: =IF($F183="","⚪ NEW",IF($G183>=5,"✅ DONE",IF($I183<TODAY(),"🔴 OVERDUE",IF($I183=TODAY(),"🟢 TODAY",IF($I183=TODAY()+1,"🔵 TOMORROW",IF($I183<=TODAY()+7,"📅 THIS WEEK","⏳ SCHEDULED")))))) | K183: =IF($F183="",999,IF($G183>=5,9999,IF($I183="",999,$I183-TODAY())))
... A267: =ROW()-2 | B267: S3 | C267: Sémiologie I | D267: Sémiologie de l'appareil locomoteur | E267: Cas clinique | H267: =IF($G267="",1,IF($G267=0,1,IF($G267=1,3,IF($G267=2,7,IF($G267=3,14,IF($G267=4,30,60)))))) | I267: =IF($F267="","",$F267+$H267) | J267: =IF($F267="","⚪ NEW",IF($G267>=5,"✅ DONE",IF($I267<TODAY(),"🔴 OVERDUE",IF($I267=TODAY(),"🟢 TODAY",IF($I267=TODAY()+1,"🔵 TOMORROW",IF($I267<=TODAY()+7,"📅 THIS WEEK","⏳ SCHEDULED")))))) | K267: =IF($F267="",999,IF($G267>=5,9999,IF($I267="",999,$I267-TODAY())))
A268: =ROW()-2 | B268: S3 | C268: Anatomie III | E268: Généralités en neuroanatomie | H268: =IF($G268="",1,IF($G268=0,1,IF($G268=1,3,IF($G268=2,7,IF($G268=3,14,IF($G268=4,30,60)))))) | I268: =IF($F268="","",$F268+$H268) | J268: =IF($F268="","⚪ NEW",IF($G268>=5,"✅ DONE",IF($I268<TODAY(),"🔴 OVERDUE",IF($I268=TODAY(),"🟢 TODAY",IF($I268=TODAY()+1,"🔵 TOMORROW",IF($I268<=TODAY()+7,"📅 THIS WEEK","⏳ SCHEDULED")))))) | K268: =IF($F268="",999,IF($G268>=5,9999,IF($I268="",999,$I268-TODAY())))
A269: =ROW()-2 | B269: S3 | C269: Anatomie III | E269: Ostéologie du crâne | H269: =IF($G269="",1,IF($G269=0,1,IF($G269=1,3,IF($G269=2,7,IF($G269=3,14,IF($G269=4,30,60)))))) | I269: =IF($F269="","",$F269+$H269) | J269: =IF($F269="","⚪ NEW",IF($G269>=5,"✅ DONE",IF($I269<TODAY(),"🔴 OVERDUE",IF($I269=TODAY(),"🟢 TODAY",IF($I269=TODAY()+1,"🔵 TOMORROW",IF($I269<=TODAY()+7,"📅 THIS WEEK","⏳ SCHEDULED")))))) | K269: =IF($F269="",999,IF($G269>=5,9999,IF($I269="",999,$I269-TODAY())))
...

Sheet Module View
A1: 🔍 MODULE VIEW — pick one module to see its lessons, stats and mastery chart | N1: =IFERROR(INDEX(Dashboard!$B$46:$B$89,MATCH($C$3,Dashboard!$A$46:$A$89,0)),"")
N2: =IFERROR(INDEX(Dashboard!$C$46:$C$89,MATCH($C$3,Dashboard!$A$46:$A$89,0)),"")
A3: ▶ Module: | C3: S1 — Anatomie I
A5: THIS MODULE | H5: Mastery | I5: Lessons
A6: Total | B6: =COUNTIFS('lesson-database'!$B$3:$B$2000,$N$1,'lesson-database'!$C$3:$C$2000,$N$2) | C6: Started | D6: =COUNTIFS('lesson-database'!$B$3:$B$2000,$N$1,'lesson-database'!$C$3:$C$2000,$N$2,'lesson-database'!$F$3:$F$2000,"<>") | E6: Mastered | F6: =COUNTIFS('lesson-database'!$B$3:$B$2000,$N$1,'lesson-database'!$C$3:$C$2000,$N$2,'lesson-database'!$G$3:$G$2000,5) | H6: 0 | I6: =COUNTIFS('lesson-database'!$B$3:$B$2000,$N$1,'lesson-database'!$C$3:$C$2000,$N$2,'lesson-database'!$G$3:$G$2000,$H6)
A7: Overdue | B7: =COUNTIFS('lesson-database'!$B$3:$B$2000,$N$1,'lesson-database'!$C$3:$C$2000,$N$2,'lesson-database'!$J$3:$J$2000,"*OVERDUE*") | C7: Due today | D7: =COUNTIFS('lesson-database'!$B$3:$B$2000,$N$1,'lesson-database'!$C$3:$C$2000,$N$2,'lesson-database'!$J$3:$J$2000,"*TODAY*") | E7: This week | F7: =COUNTIFS('lesson-database'!$B$3:$B$2000,$N$1,'lesson-database'!$C$3:$C$2000,$N$2,'lesson-database'!$J$3:$J$2000,"*THIS WEEK*") | H7: 1 | I7: =COUNTIFS('lesson-database'!$B$3:$B$2000,$N$1,'lesson-database'!$C$3:$C$2000,$N$2,'lesson-database'!$G$3:$G$2000,$H7)
H8: 2 | I8: =COUNTIFS('lesson-database'!$B$3:$B$2000,$N$1,'lesson-database'!$C$3:$C$2000,$N$2,'lesson-database'!$G$3:$G$2000,$H8)
H9: 3 | I9: =COUNTIFS('lesson-database'!$B$3:$B$2000,$N$1,'lesson-database'!$C$3:$C$2000,$N$2,'lesson-database'!$G$3:$G$2000,$H9)
H10: 4 | I10: =COUNTIFS('lesson-database'!$B$3:$B$2000,$N$1,'lesson-database'!$C$3:$C$2000,$N$2,'lesson-database'!$G$3:$G$2000,$H10)
H11: 5 | I11: =COUNTIFS('lesson-database'!$B$3:$B$2000,$N$1,'lesson-database'!$C$3:$C$2000,$N$2,'lesson-database'!$G$3:$G$2000,$H11)
A13: LESSONS IN THIS MODULE
A14: Lesson | B14: Last Review | C14: Mastery | D14: Interval | E14: Next Review | F14: Status | G14: Priority
A15: =IFERROR(FILTER('lesson-database'!$E$3:$K$2000,('lesson-database'!$B$3:$B$2000=$N$1)*('lesson-database'!$C$3:$C$2000=$N$2),"— no lessons —"),"FILTER needs Excel 365 or Google Sheets — use the lesson-database tab's filter arrows instead.")

Sheet Weekly
A1: 🗓️ WEEKLY — your next 7 days of reviews
A3: Date | B3: Day | C3: Reviews | D3: Load | E3: Est. min
A4: =TODAY() | B4: =TEXT(A4,"ddd") | C4: =COUNTIF('lesson-database'!$I$3:$I$2000,A4)+COUNTIF('lesson-database'!$J$3:$J$2000,"*OVERDUE*") | D4: =IF(C4=0,"🟢 Free",IF(C4<=5,"🟢 Light",IF(C4<=10,"🟡 Medium",IF(C4<=15,"🟠 Heavy","🔴 Overload")))) | E4: =C4*10
A5: =A4+1 | B5: =TEXT(A5,"ddd") | C5: =COUNTIF('lesson-database'!$I$3:$I$2000,A5) | D5: =IF(C5=0,"🟢 Free",IF(C5<=5,"🟢 Light",IF(C5<=10,"🟡 Medium",IF(C5<=15,"🟠 Heavy","🔴 Overload")))) | E5: =C5*10
A6: =A5+1 | B6: =TEXT(A6,"ddd") | C6: =COUNTIF('lesson-database'!$I$3:$I$2000,A6) | D6: =IF(C6=0,"🟢 Free",IF(C6<=5,"🟢 Light",IF(C6<=10,"🟡 Medium",IF(C6<=15,"🟠 Heavy","🔴 Overload")))) | E6: =C6*10
A7: =A6+1 | B7: =TEXT(A7,"ddd") | C7: =COUNTIF('lesson-database'!$I$3:$I$2000,A7) | D7: =IF(C7=0,"🟢 Free",IF(C7<=5,"🟢 Light",IF(C7<=10,"🟡 Medium",IF(C7<=15,"🟠 Heavy","🔴 Overload")))) | E7: =C7*10
A8: =A7+1 | B8: =TEXT(A8,"ddd") | C8: =COUNTIF('lesson-database'!$I$3:$I$2000,A8) | D8: =IF(C8=0,"🟢 Free",IF(C8<=5,"🟢 Light",IF(C8<=10,"🟡 Medium",IF(C8<=15,"🟠 Heavy","🔴 Overload")))) | E8: =C8*10
A9: =A8+1 | B9: =TEXT(A9,"ddd") | C9: =COUNTIF('lesson-database'!$I$3:$I$2000,A9) | D9: =IF(C9=0,"🟢 Free",IF(C9<=5,"🟢 Light",IF(C9<=10,"🟡 Medium",IF(C9<=15,"🟠 Heavy","🔴 Overload")))) | E9: =C9*10
A10: =A9+1 | B10: =TEXT(A10,"ddd") | C10: =COUNTIF('lesson-database'!$I$3:$I$2000,A10) | D10: =IF(C10=0,"🟢 Free",IF(C10<=5,"🟢 Light",IF(C10<=10,"🟡 Medium",IF(C10<=15,"🟠 Heavy","🔴 Overload")))) | E10: =C10*10

Sheet How-To
A1: 🧠 MEDICAL SRS — HOW TO USE
A3: THE ONE RULE: you only ever type in two columns on the lesson-database tab —
A4: • F Last Review → the day you studied it (press Ctrl+; for today)
A5: • G Mastery → how well you recalled it, 0 (forgot) to 5 (mastered)
A6: Everything else (interval, next review, status, priority) fills in by itself.
A7: Top bar (row 1): today + days left until the exam — set your exam date in the blue K1 cell.
A8: Rows are tinted per module (same color = same module) for easier scanning.
A10: HOW THE SCHEDULE WORKS
A11: Mastery 0→review in 1 day · 1→3d · 2→7d · 3→14d · 4→30d · 5→done (drops off).
A12: Forgot it? set 0 and it comes back tomorrow. Solid? a higher score pushes it out.
A14: FILTERING (quick filter)
A15: lesson-database tab → click the ▼ arrow on row 2 of Semester, Module or Subject.
... A26: Tip: the Module View lesson list uses FILTER — needs Excel 365 or Google Sheets.
