Workbook

Sheet 📖 Guide
A1: 📖 QUICK START GUIDE
A3: ⚡ DAILY WORKFLOW (10 SECONDS PER CARD)
A5: 1️⃣ Open "⚡ TODAY" sheet
A6: → See compact list (no gaps!) of due lessons
A7: → Note the ROW# in column A
A9: 2️⃣ For each lesson:
A10: a) Study the material
A11: b) Rate difficulty:
A12: 😊 Easy = "I nailed this, skip ahead!"
A13: 👍 Good = "Got it, normal progress"
A14: 😐 Hard = "Tough, review again same level"
A15: 🔴 Again = "Need more practice, go back"
... A37: 📊 DIFFICULTY SYSTEM
A38: Level | B38: Base Interval | C38: Easy Topic (×1.3) | D38: Hard Topic (×0.7)
A39: 0 | B39: 0 days | C39: 0 days | D39: 0 days
A40: 1 | B40: 1 day | C40: 1 day | D40: 1 day
A41: 2 | B41: 3 days | C41: 4 days | D41: 2 days
A42: 3 | B42: 7 days | C42: 9 days | D42: 5 days
A43: 4 | B43: 15 days | C43: 20 days | D43: 11 days
A44: 5 | B44: 30 days | C44: 39 days | D44: 21 days
A45: 6 | B45: 60 days | C45: 78 days | D45: 42 days
A46: 7 | B46: 90 days | C46: 117 days | D46: 63 days

Sheet ⚡ TODAY
A1: ⚡ TODAY'S REVIEWS
A2: Due Now: | B2: =COUNTIFS(Database!$G:$G,"<="&TODAY(),Database!$A:$A,"<>""")+(COUNTIF(Database!$E:$E,"")-COUNTBLANK(Database!$A:$A)) -> 3
A3: ✅ SIMPLE: Study → Rate → Mark DONE → Row GREEN → Use ROW# to find lesson in Database → Update Level & Date → Done!
A4: ROW# | B4: Lesson | C4: Current Level | D4: Last Review | E4: Due | F4: Rate Difficulty | G4: Mark | H4: New Level | I4: New Date
A5: =IF(AND(Database!A5<>"",OR(Database!G5<=TODAY(),Database!E5="")),5,"") -> 5 | B5: =IF(A5="","",Database!A5&" - "&Database!B5) -> Microbio - Viral replication | C5: =IF(A5="","","Level "&Database!D5) -> Level 0 | D5: =IF(A5="","",IF(Database!E5="","Never",TEXT(Database!E5,"DD/MM/YY"))) -> Never | E5: =IF(A5="","",IF(Database!G5="","START NOW!",IF(Database!G5<TODAY(),"OVERDUE "&ABS(Database!G5-TODAY())&"d","Today"))) -> START NOW! | H5: =IF(G5="✅ DONE", IF(F5="😊 Easy",MIN(Database!D5+2,7), IF(F5="👍 Good",MIN(Database!D5+1,7), IF(F5="😐 Hard",Database!D5, IF(F5="🔴 Again",MAX(Database!D5-1,0), "")))), "") | I5: =IF(G5="✅ DONE",TEXT(TODAY(),"DD/MM/YY"),"")
A6: =IF(AND(Database!A6<>"",OR(Database!G6<=TODAY(),Database!E6="")),6,"") | B6: =IF(A6="","",Database!A6&" - "&Database!B6) | C6: =IF(A6="","","Level "&Database!D6) | D6: =IF(A6="","",IF(Database!E6="","Never",TEXT(Database!E6,"DD/MM/YY"))) | E6: =IF(A6="","",IF(Database!G6="","START NOW!",IF(Database!G6<TODAY(),"OVERDUE "&ABS(Database!G6-TODAY())&"d","Today"))) | H6: =IF(G6="✅ DONE", IF(F6="😊 Easy",MIN(Database!D6+2,7), IF(F6="👍 Good",MIN(Database!D6+1,7), IF(F6="😐 Hard",Database!D6, IF(F6="🔴 Again",MAX(Database!D6-1,0), "")))), "") | I6: =IF(G6="✅ DONE",TEXT(TODAY(),"DD/MM/YY"),"")
A7: =IF(AND(Database!A7<>"",OR(Database!G7<=TODAY(),Database!E7="")),7,"") | B7: =IF(A7="","",Database!A7&" - "&Database!B7) | C7: =IF(A7="","","Level "&Database!D7) | D7: =IF(A7="","",IF(Database!E7="","Never",TEXT(Database!E7,"DD/MM/YY"))) | E7: =IF(A7="","",IF(Database!G7="","START NOW!",IF(Database!G7<TODAY(),"OVERDUE "&ABS(Database!G7-TODAY())&"d","Today"))) | H7: =IF(G7="✅ DONE", IF(F7="😊 Easy",MIN(Database!D7+2,7), IF(F7="👍 Good",MIN(Database!D7+1,7), IF(F7="😐 Hard",Database!D7, IF(F7="🔴 Again",MAX(Database!D7-1,0), "")))), "") | I7: =IF(G7="✅ DONE",TEXT(TODAY(),"DD/MM/YY"),"")
A8: =IF(AND(Database!A8<>"",OR(Database!G8<=TODAY(),Database!E8="")),8,"") | B8: =IF(A8="","",Database!A8&" - "&Database!B8) | C8: =IF(A8="","","Level "&Database!D8) | D8: =IF(A8="","",IF(Database!E8="","Never",TEXT(Database!E8,"DD/MM/YY"))) | E8: =IF(A8="","",IF(Database!G8="","START NOW!",IF(Database!G8<TODAY(),"OVERDUE "&ABS(Database!G8-TODAY())&"d","Today"))) | H8: =IF(G8="✅ DONE", IF(F8="😊 Easy",MIN(Database!D8+2,7), IF(F8="👍 Good",MIN(Database!D8+1,7), IF(F8="😐 Hard",Database!D8, IF(F8="🔴 Again",MAX(Database!D8-1,0), "")))), "") | I8: =IF(G8="✅ DONE",TEXT(TODAY(),"DD/MM/YY"),"")
A9: =IF(AND(Database!A9<>"",OR(Database!G9<=TODAY(),Database!E9="")),9,"") | B9: =IF(A9="","",Database!A9&" - "&Database!B9) | C9: =IF(A9="","","Level "&Database!D9) | D9: =IF(A9="","",IF(Database!E9="","Never",TEXT(Database!E9,"DD/MM/YY"))) | E9: =IF(A9="","",IF(Database!G9="","START NOW!",IF(Database!G9<TODAY(),"OVERDUE "&ABS(Database!G9-TODAY())&"d","Today"))) | H9: =IF(G9="✅ DONE", IF(F9="😊 Easy",MIN(Database!D9+2,7), IF(F9="👍 Good",MIN(Database!D9+1,7), IF(F9="😐 Hard",Database!D9, IF(F9="🔴 Again",MAX(Database!D9-1,0), "")))), "") | I9: =IF(G9="✅ DONE",TEXT(TODAY(),"DD/MM/YY"),"")
A10: =IF(AND(Database!A10<>"",OR(Database!G10<=TODAY(),Database!E10="")),10,"") | B10: =IF(A10="","",Database!A10&" - "&Database!B10) | C10: =IF(A10="","","Level "&Database!D10) | D10: =IF(A10="","",IF(Database!E10="","Never",TEXT(Database!E10,"DD/MM/YY"))) | E10: =IF(A10="","",IF(Database!G10="","START NOW!",IF(Database!G10<TODAY(),"OVERDUE "&ABS(Database!G10-TODAY())&"d","Today"))) | H10: =IF(G10="✅ DONE", IF(F10="😊 Easy",MIN(Database!D10+2,7), IF(F10="👍 Good",MIN(Database!D10+1,7), IF(F10="😐 Hard",Database!D10, IF(F10="🔴 Again",MAX(Database!D10-1,0), "")))), "") | I10: =IF(G10="✅ DONE",TEXT(TODAY(),"DD/MM/YY"),"")
A11: =IF(AND(Database!A11<>"",OR(Database!G11<=TODAY(),Database!E11="")),11,"") | B11: =IF(A11="","",Database!A11&" - "&Database!B11) | C11: =IF(A11="","","Level "&Database!D11) | D11: =IF(A11="","",IF(Database!E11="","Never",TEXT(Database!E11,"DD/MM/YY"))) | E11: =IF(A11="","",IF(Database!G11="","START NOW!",IF(Database!G11<TODAY(),"OVERDUE "&ABS(Database!G11-TODAY())&"d","Today"))) | H11: =IF(G11="✅ DONE", IF(F11="😊 Easy",MIN(Database!D11+2,7), IF(F11="👍 Good",MIN(Database!D11+1,7), IF(F11="😐 Hard",Database!D11, IF(F11="🔴 Again",MAX(Database!D11-1,0), "")))), "") | I11: =IF(G11="✅ DONE",TEXT(TODAY(),"DD/MM/YY"),"")
A12: =IF(AND(Database!A12<>"",OR(Database!G12<=TODAY(),Database!E12="")),12,"") | B12: =IF(A12="","",Database!A12&" - "&Database!B12) | C12: =IF(A12="","","Level "&Database!D12) | D12: =IF(A12="","",IF(Database!E12="","Never",TEXT(Database!E12,"DD/MM/YY"))) | E12: =IF(A12="","",IF(Database!G12="","START NOW!",IF(Database!G12<TODAY(),"OVERDUE "&ABS(Database!G12-TODAY())&"d","Today"))) | H12: =IF(G12="✅ DONE", IF(F12="😊 Easy",MIN(Database!D12+2,7), IF(F12="👍 Good",MIN(Database!D12+1,7), IF(F12="😐 Hard",Database!D12, IF(F12="🔴 Again",MAX(Database!D12-1,0), "")))), "") | I12: =IF(G12="✅ DONE",TEXT(TODAY(),"DD/MM/YY"),"")
A13: =IF(AND(Database!A13<>"",OR(Database!G13<=TODAY(),Database!E13="")),13,"") | B13: =IF(A13="","",Database!A13&" - "&Database!B13) | C13: =IF(A13="","","Level "&Database!D13) | D13: =IF(A13="","",IF(Database!E13="","Never",TEXT(Database!E13,"DD/MM/YY"))) | E13: =IF(A13="","",IF(Database!G13="","START NOW!",IF(Database!G13<TODAY(),"OVERDUE "&ABS(Database!G13-TODAY())&"d","Today"))) | H13: =IF(G13="✅ DONE", IF(F13="😊 Easy",MIN(Database!D13+2,7), IF(F13="👍 Good",MIN(Database!D13+1,7), IF(F13="😐 Hard",Database!D13, IF(F13="🔴 Again",MAX(Database!D13-1,0), "")))), "") | I13: =IF(G13="✅ DONE",TEXT(TODAY(),"DD/MM/YY"),"")
A14: =IF(AND(Database!A14<>"",OR(Database!G14<=TODAY(),Database!E14="")),14,"") | B14: =IF(A14="","",Database!A14&" - "&Database!B14) | C14: =IF(A14="","","Level "&Database!D14) | D14: =IF(A14="","",IF(Database!E14="","Never",TEXT(Database!E14,"DD/MM/YY"))) | E14: =IF(A14="","",IF(Database!G14="","START NOW!",IF(Database!G14<TODAY(),"OVERDUE "&ABS(Database!G14-TODAY())&"d","Today"))) | H14: =IF(G14="✅ DONE", IF(F14="😊 Easy",MIN(Database!D14+2,7), IF(F14="👍 Good",MIN(Database!D14+1,7), IF(F14="😐 Hard",Database!D14, IF(F14="🔴 Again",MAX(Database!D14-1,0), "")))), "") | I14: =IF(G14="✅ DONE",TEXT(TODAY(),"DD/MM/YY"),"")
A15: =IF(AND(Database!A15<>"",OR(Database!G15<=TODAY(),Database!E15="")),15,"") | B15: =IF(A15="","",Database!A15&" - "&Database!B15) | C15: =IF(A15="","","Level "&Database!D15) | D15: =IF(A15="","",IF(Database!E15="","Never",TEXT(Database!E15,"DD/MM/YY"))) | E15: =IF(A15="","",IF(Database!G15="","START NOW!",IF(Database!G15<TODAY(),"OVERDUE "&ABS(Database!G15-TODAY())&"d","Today"))) | H15: =IF(G15="✅ DONE", IF(F15="😊 Easy",MIN(Database!D15+2,7), IF(F15="👍 Good",MIN(Database!D15+1,7), IF(F15="😐 Hard",Database!D15, IF(F15="🔴 Again",MAX(Database!D15-1,0), "")))), "") | I15: =IF(G15="✅ DONE",TEXT(TODAY(),"DD/MM/YY"),"")
A16: =IF(AND(Database!A16<>"",OR(Database!G16<=TODAY(),Database!E16="")),16,"") | B16: =IF(A16="","",Database!A16&" - "&Database!B16) | C16: =IF(A16="","","Level "&Database!D16) | D16: =IF(A16="","",IF(Database!E16="","Never",TEXT(Database!E16,"DD/MM/YY"))) | E16: =IF(A16="","",IF(Database!G16="","START NOW!",IF(Database!G16<TODAY(),"OVERDUE "&ABS(Database!G16-TODAY())&"d","Today"))) | H16: =IF(G16="✅ DONE", IF(F16="😊 Easy",MIN(Database!D16+2,7), IF(F16="👍 Good",MIN(Database!D16+1,7), IF(F16="😐 Hard",Database!D16, IF(F16="🔴 Again",MAX(Database!D16-1,0), "")))), "") | I16: =IF(G16="✅ DONE",TEXT(TODAY(),"DD/MM/YY"),"")
A17: =IF(AND(Database!A17<>"",OR(Database!G17<=TODAY(),Database!E17="")),17,"") | B17: =IF(A17="","",Database!A17&" - "&Database!B17) | C17: =IF(A17="","","Level "&Database!D17) | D17: =IF(A17="","",IF(Database!E17="","Never",TEXT(Database!E17,"DD/MM/YY"))) | E17: =IF(A17="","",IF(Database!G17="","START NOW!",IF(Database!G17<TODAY(),"OVERDUE "&ABS(Database!G17-TODAY())&"d","Today"))) | H17: =IF(G17="✅ DONE", IF(F17="😊 Easy",MIN(Database!D17+2,7), IF(F17="👍 Good",MIN(Database!D17+1,7), IF(F17="😐 Hard",Database!D17, IF(F17="🔴 Again",MAX(Database!D17-1,0), "")))), "") | I17: =IF(G17="✅ DONE",TEXT(TODAY(),"DD/MM/YY"),"")
A18: =IF(AND(Database!A18<>"",OR(Database!G18<=TODAY(),Database!E18="")),18,"") | B18: =IF(A18="","",Database!A18&" - "&Database!B18) | C18: =IF(A18="","","Level "&Database!D18) | D18: =IF(A18="","",IF(Database!E18="","Never",TEXT(Database!E18,"DD/MM/YY"))) | E18: =IF(A18="","",IF(Database!G18="","START NOW!",IF(Database!G18<TODAY(),"OVERDUE "&ABS(Database!G18-TODAY())&"d","Today"))) | H18: =IF(G18="✅ DONE", IF(F18="😊 Easy",MIN(Database!D18+2,7), IF(F18="👍 Good",MIN(Database!D18+1,7), IF(F18="😐 Hard",Database!D18, IF(F18="🔴 Again",MAX(Database!D18-1,0), "")))), "") | I18: =IF(G18="✅ DONE",TEXT(TODAY(),"DD/MM/YY"),"")
A19: =IF(AND(Database!A19<>"",OR(Database!G19<=TODAY(),Database!E19="")),19,"") | B19: =IF(A19="","",Database!A19&" - "&Database!B19) | C19: =IF(A19="","","Level "&Database!D19) | D19: =IF(A19="","",IF(Database!E19="","Never",TEXT(Database!E19,"DD/MM/YY"))) | E19: =IF(A19="","",IF(Database!G19="","START NOW!",IF(Database!G19<TODAY(),"OVERDUE "&ABS(Database!G19-TODAY())&"d","Today"))) | H19: =IF(G19="✅ DONE", IF(F19="😊 Easy",MIN(Database!D19+2,7), IF(F19="👍 Good",MIN(Database!D19+1,7), IF(F19="😐 Hard",Database!D19, IF(F19="🔴 Again",MAX(Database!D19-1,0), "")))), "") | I19: =IF(G19="✅ DONE",TEXT(TODAY(),"DD/MM/YY"),"")
A20: =IF(AND(Database!A20<>"",OR(Database!G20<=TODAY(),Database!E20="")),20,"") | B20: =IF(A20="","",Database!A20&" - "&Database!B20) | C20: =IF(A20="","","Level "&Database!D20) | D20: =IF(A20="","",IF(Database!E20="","Never",TEXT(Database!E20,"DD/MM/YY"))) | E20: =IF(A20="","",IF(Database!G20="","START NOW!",IF(Database!G20<TODAY(),"OVERDUE "&ABS(Database!G20-TODAY())&"d","Today"))) | H20: =IF(G20="✅ DONE", IF(F20="😊 Easy",MIN(Database!D20+2,7), IF(F20="👍 Good",MIN(Database!D20+1,7), IF(F20="😐 Hard",Database!D20, IF(F20="🔴 Again",MAX(Database!D20-1,0), "")))), "") | I20: =IF(G20="✅ DONE",TEXT(TODAY(),"DD/MM/YY"),"")
A21: =IF(AND(Database!A21<>"",OR(Database!G21<=TODAY(),Database!E21="")),21,"") | B21: =IF(A21="","",Database!A21&" - "&Database!B21) | C21: =IF(A21="","","Level "&Database!D21) | D21: =IF(A21="","",IF(Database!E21="","Never",TEXT(Database!E21,"DD/MM/YY"))) | E21: =IF(A21="","",IF(Database!G21="","START NOW!",IF(Database!G21<TODAY(),"OVERDUE "&ABS(Database!G21-TODAY())&"d","Today"))) | H21: =IF(G21="✅ DONE", IF(F21="😊 Easy",MIN(Database!D21+2,7), IF(F21="👍 Good",MIN(Database!D21+1,7), IF(F21="😐 Hard",Database!D21, IF(F21="🔴 Again",MAX(Database!D21-1,0), "")))), "") | I21: =IF(G21="✅ DONE",TEXT(TODAY(),"DD/MM/YY"),"")
A22: =IF(AND(Database!A22<>"",OR(Database!G22<=TODAY(),Database!E22="")),22,"") | B22: =IF(A22="","",Database!A22&" - "&Database!B22) | C22: =IF(A22="","","Level "&Database!D22) | D22: =IF(A22="","",IF(Database!E22="","Never",TEXT(Database!E22,"DD/MM/YY"))) | E22: =IF(A22="","",IF(Database!G22="","START NOW!",IF(Database!G22<TODAY(),"OVERDUE "&ABS(Database!G22-TODAY())&"d","Today"))) | H22: =IF(G22="✅ DONE", IF(F22="😊 Easy",MIN(Database!D22+2,7), IF(F22="👍 Good",MIN(Database!D22+1,7), IF(F22="😐 Hard",Database!D22, IF(F22="🔴 Again",MAX(Database!D22-1,0), "")))), "") | I22: =IF(G22="✅ DONE",TEXT(TODAY(),"DD/MM/YY"),"")
A23: =IF(AND(Database!A23<>"",OR(Database!G23<=TODAY(),Database!E23="")),23,"") | B23: =IF(A23="","",Database!A23&" - "&Database!B23) | C23: =IF(A23="","","Level "&Database!D23) | D23: =IF(A23="","",IF(Database!E23="","Never",TEXT(Database!E23,"DD/MM/YY"))) | E23: =IF(A23="","",IF(Database!G23="","START NOW!",IF(Database!G23<TODAY(),"OVERDUE "&ABS(Database!G23-TODAY())&"d","Today"))) | H23: =IF(G23="✅ DONE", IF(F23="😊 Easy",MIN(Database!D23+2,7), IF(F23="👍 Good",MIN(Database!D23+1,7), IF(F23="😐 Hard",Database!D23, IF(F23="🔴 Again",MAX(Database!D23-1,0), "")))), "") | I23: =IF(G23="✅ DONE",TEXT(TODAY(),"DD/MM/YY"),"")
A24: =IF(AND(Database!A24<>"",OR(Database!G24<=TODAY(),Database!E24="")),24,"") | B24: =IF(A24="","",Database!A24&" - "&Database!B24) | C24: =IF(A24="","","Level "&Database!D24) | D24: =IF(A24="","",IF(Database!E24="","Never",TEXT(Database!E24,"DD/MM/YY"))) | E24: =IF(A24="","",IF(Database!G24="","START NOW!",IF(Database!G24<TODAY(),"OVERDUE "&ABS(Database!G24-TODAY())&"d","Today"))) | H24: =IF(G24="✅ DONE", IF(F24="😊 Easy",MIN(Database!D24+2,7), IF(F24="👍 Good",MIN(Database!D24+1,7), IF(F24="😐 Hard",Database!D24, IF(F24="🔴 Again",MAX(Database!D24-1,0), "")))), "") | I24: =IF(G24="✅ DONE",TEXT(TODAY(),"DD/MM/YY"),"")
A25: =IF(AND(Database!A25<>"",OR(Database!G25<=TODAY(),Database!E25="")),25,"") | B25: =IF(A25="","",Database!A25&" - "&Database!B25) | C25: =IF(A25="","","Level "&Database!D25) | D25: =IF(A25="","",IF(Database!E25="","Never",TEXT(Database!E25,"DD/MM/YY"))) | E25: =IF(A25="","",IF(Database!G25="","START NOW!",IF(Database!G25<TODAY(),"OVERDUE "&ABS(Database!G25-TODAY())&"d","Today"))) | H25: =IF(G25="✅ DONE", IF(F25="😊 Easy",MIN(Database!D25+2,7), IF(F25="👍 Good",MIN(Database!D25+1,7), IF(F25="😐 Hard",Database!D25, IF(F25="🔴 Again",MAX(Database!D25-1,0), "")))), "") | I25: =IF(G25="✅ DONE",TEXT(TODAY(),"DD/MM/YY"),"")
A26: =IF(AND(Database!A26<>"",OR(Database!G26<=TODAY(),Database!E26="")),26,"") | B26: =IF(A26="","",Database!A26&" - "&Database!B26) | C26: =IF(A26="","","Level "&Database!D26) | D26: =IF(A26="","",IF(Database!E26="","Never",TEXT(Database!E26,"DD/MM/YY"))) | E26: =IF(A26="","",IF(Database!G26="","START NOW!",IF(Database!G26<TODAY(),"OVERDUE "&ABS(Database!G26-TODAY())&"d","Today"))) | H26: =IF(G26="✅ DONE", IF(F26="😊 Easy",MIN(Database!D26+2,7), IF(F26="👍 Good",MIN(Database!D26+1,7), IF(F26="😐 Hard",Database!D26, IF(F26="🔴 Again",MAX(Database!D26-1,0), "")))), "") | I26: =IF(G26="✅ DONE",TEXT(TODAY(),"DD/MM/YY"),"")
A27: =IF(AND(Database!A27<>"",OR(Database!G27<=TODAY(),Database!E27="")),27,"") | B27: =IF(A27="","",Database!A27&" - "&Database!B27) | C27: =IF(A27="","","Level "&Database!D27) | D27: =IF(A27="","",IF(Database!E27="","Never",TEXT(Database!E27,"DD/MM/YY"))) | E27: =IF(A27="","",IF(Database!G27="","START NOW!",IF(Database!G27<TODAY(),"OVERDUE "&ABS(Database!G27-TODAY())&"d","Today"))) | H27: =IF(G27="✅ DONE", IF(F27="😊 Easy",MIN(Database!D27+2,7), IF(F27="👍 Good",MIN(Database!D27+1,7), IF(F27="😐 Hard",Database!D27, IF(F27="🔴 Again",MAX(Database!D27-1,0), "")))), "") | I27: =IF(G27="✅ DONE",TEXT(TODAY(),"DD/MM/YY"),"")
A28: =IF(AND(Database!A28<>"",OR(Database!G28<=TODAY(),Database!E28="")),28,"") | B28: =IF(A28="","",Database!A28&" - "&Database!B28) | C28: =IF(A28="","","Level "&Database!D28) | D28: =IF(A28="","",IF(Database!E28="","Never",TEXT(Database!E28,"DD/MM/YY"))) | E28: =IF(A28="","",IF(Database!G28="","START NOW!",IF(Database!G28<TODAY(),"OVERDUE "&ABS(Database!G28-TODAY())&"d","Today"))) | H28: =IF(G28="✅ DONE", IF(F28="😊 Easy",MIN(Database!D28+2,7), IF(F28="👍 Good",MIN(Database!D28+1,7), IF(F28="😐 Hard",Database!D28, IF(F28="🔴 Again",MAX(Database!D28-1,0), "")))), "") | I28: =IF(G28="✅ DONE",TEXT(TODAY(),"DD/MM/YY"),"")
A29: =IF(AND(Database!A29<>"",OR(Database!G29<=TODAY(),Database!E29="")),29,"") | B29: =IF(A29="","",Database!A29&" - "&Database!B29) | C29: =IF(A29="","","Level "&Database!D29) | D29: =IF(A29="","",IF(Database!E29="","Never",TEXT(Database!E29,"DD/MM/YY"))) | E29: =IF(A29="","",IF(Database!G29="","START NOW!",IF(Database!G29<TODAY(),"OVERDUE "&ABS(Database!G29-TODAY())&"d","Today"))) | H29: =IF(G29="✅ DONE", IF(F29="😊 Easy",MIN(Database!D29+2,7), IF(F29="👍 Good",MIN(Database!D29+1,7), IF(F29="😐 Hard",Database!D29, IF(F29="🔴 Again",MAX(Database!D29-1,0), "")))), "") | I29: =IF(G29="✅ DONE",TEXT(TODAY(),"DD/MM/YY"),"")
A30: =IF(AND(Database!A30<>"",OR(Database!G30<=TODAY(),Database!E30="")),30,"") | B30: =IF(A30="","",Database!A30&" - "&Database!B30) | C30: =IF(A30="","","Level "&Database!D30) | D30: =IF(A30="","",IF(Database!E30="","Never",TEXT(Database!E30,"DD/MM/YY"))) | E30: =IF(A30="","",IF(Database!G30="","START NOW!",IF(Database!G30<TODAY(),"OVERDUE "&ABS(Database!G30-TODAY())&"d","Today"))) | H30: =IF(G30="✅ DONE", IF(F30="😊 Easy",MIN(Database!D30+2,7), IF(F30="👍 Good",MIN(Database!D30+1,7), IF(F30="😐 Hard",Database!D30, IF(F30="🔴 Again",MAX(Database!D30-1,0), "")))), "") | I30: =IF(G30="✅ DONE",TEXT(TODAY(),"DD/MM/YY"),"")
A31: =IF(AND(Database!A31<>"",OR(Database!G31<=TODAY(),Database!E31="")),31,"") | B31: =IF(A31="","",Database!A31&" - "&Database!B31) | C31: =IF(A31="","","Level "&Database!D31) | D31: =IF(A31="","",IF(Database!E31="","Never",TEXT(Database!E31,"DD/MM/YY"))) | E31: =IF(A31="","",IF(Database!G31="","START NOW!",IF(Database!G31<TODAY(),"OVERDUE "&ABS(Database!G31-TODAY())&"d","Today"))) | H31: =IF(G31="✅ DONE", IF(F31="😊 Easy",MIN(Database!D31+2,7), IF(F31="👍 Good",MIN(Database!D31+1,7), IF(F31="😐 Hard",Database!D31, IF(F31="🔴 Again",MAX(Database!D31-1,0), "")))), "") | I31: =IF(G31="✅ DONE",TEXT(TODAY(),"DD/MM/YY"),"")
A32: =IF(AND(Database!A32<>"",OR(Database!G32<=TODAY(),Database!E32="")),32,"") | B32: =IF(A32="","",Database!A32&" - "&Database!B32) | C32: =IF(A32="","","Level "&Database!D32) | D32: =IF(A32="","",IF(Database!E32="","Never",TEXT(Database!E32,"DD/MM/YY"))) | E32: =IF(A32="","",IF(Database!G32="","START NOW!",IF(Database!G32<TODAY(),"OVERDUE "&ABS(Database!G32-TODAY())&"d","Today"))) | H32: =IF(G32="✅ DONE", IF(F32="😊 Easy",MIN(Database!D32+2,7), IF(F32="👍 Good",MIN(Database!D32+1,7), IF(F32="😐 Hard",Database!D32, IF(F32="🔴 Again",MAX(Database!D32-1,0), "")))), "") | I32: =IF(G32="✅ DONE",TEXT(TODAY(),"DD/MM/YY"),"")
A33: =IF(AND(Database!A33<>"",OR(Database!G33<=TODAY(),Database!E33="")),33,"") | B33: =IF(A33="","",Database!A33&" - "&Database!B33) | C33: =IF(A33="","","Level "&Database!D33) | D33: =IF(A33="","",IF(Database!E33="","Never",TEXT(Database!E33,"DD/MM/YY"))) | E33: =IF(A33="","",IF(Database!G33="","START NOW!",IF(Database!G33<TODAY(),"OVERDUE "&ABS(Database!G33-TODAY())&"d","Today"))) | H33: =IF(G33="✅ DONE", IF(F33="😊 Easy",MIN(Database!D33+2,7), IF(F33="👍 Good",MIN(Database!D33+1,7), IF(F33="😐 Hard",Database!D33, IF(F33="🔴 Again",MAX(Database!D33-1,0), "")))), "") | I33: =IF(G33="✅ DONE",TEXT(TODAY(),"DD/MM/YY"),"")
A34: =IF(AND(Database!A34<>"",OR(Database!G34<=TODAY(),Database!E34="")),34,"") | B34: =IF(A34="","",Database!A34&" - "&Database!B34) | C34: =IF(A34="","","Level "&Database!D34) | D34: =IF(A34="","",IF(Database!E34="","Never",TEXT(Database!E34,"DD/MM/YY"))) | E34: =IF(A34="","",IF(Database!G34="","START NOW!",IF(Database!G34<TODAY(),"OVERDUE "&ABS(Database!G34-TODAY())&"d","Today"))) | H34: =IF(G34="✅ DONE", IF(F34="😊 Easy",MIN(Database!D34+2,7), IF(F34="👍 Good",MIN(Database!D34+1,7), IF(F34="😐 Hard",Database!D34, IF(F34="🔴 Again",MAX(Database!D34-1,0), "")))), "") | I34: =IF(G34="✅ DONE",TEXT(TODAY(),"DD/MM/YY"),"")
A35: =IF(AND(Database!A35<>"",OR(Database!G35<=TODAY(),Database!E35="")),35,"") | B35: =IF(A35="","",Database!A35&" - "&Database!B35) | C35: =IF(A35="","","Level "&Database!D35) | D35: =IF(A35="","",IF(Database!E35="","Never",TEXT(Database!E35,"DD/MM/YY"))) | E35: =IF(A35="","",IF(Database!G35="","START NOW!",IF(Database!G35<TODAY(),"OVERDUE "&ABS(Database!G35-TODAY())&"d","Today"))) | H35: =IF(G35="✅ DONE", IF(F35="😊 Easy",MIN(Database!D35+2,7), IF(F35="👍 Good",MIN(Database!D35+1,7), IF(F35="😐 Hard",Database!D35, IF(F35="🔴 Again",MAX(Database!D35-1,0), "")))), "") | I35: =IF(G35="✅ DONE",TEXT(TODAY(),"DD/MM/YY"),"")
A36: =IF(AND(Database!A36<>"",OR(Database!G36<=TODAY(),Database!E36="")),36,"") | B36: =IF(A36="","",Database!A36&" - "&Database!B36) | C36: =IF(A36="","","Level "&Database!D36) | D36: =IF(A36="","",IF(Database!E36="","Never",TEXT(Database!E36,"DD/MM/YY"))) | E36: =IF(A36="","",IF(Database!G36="","START NOW!",IF(Database!G36<TODAY(),"OVERDUE "&ABS(Database!G36-TODAY())&"d","Today"))) | H36: =IF(G36="✅ DONE", IF(F36="😊 Easy",MIN(Database!D36+2,7), IF(F36="👍 Good",MIN(Database!D36+1,7), IF(F36="😐 Hard",Database!D36, IF(F36="🔴 Again",MAX(Database!D36-1,0), "")))), "") | I36: =IF(G36="✅ DONE",TEXT(TODAY(),"DD/MM/YY"),"")
A37: =IF(AND(Database!A37<>"",OR(Database!G37<=TODAY(),Database!E37="")),37,"") | B37: =IF(A37="","",Database!A37&" - "&Database!B37) | C37: =IF(A37="","","Level "&Database!D37) | D37: =IF(A37="","",IF(Database!E37="","Never",TEXT(Database!E37,"DD/MM/YY"))) | E37: =IF(A37="","",IF(Database!G37="","START NOW!",IF(Database!G37<TODAY(),"OVERDUE "&ABS(Database!G37-TODAY())&"d","Today"))) | H37: =IF(G37="✅ DONE", IF(F37="😊 Easy",MIN(Database!D37+2,7), IF(F37="👍 Good",MIN(Database!D37+1,7), IF(F37="😐 Hard",Database!D37, IF(F37="🔴 Again",MAX(Database!D37-1,0), "")))), "") | I37: =IF(G37="✅ DONE",TEXT(TODAY(),"DD/MM/YY"),"")
A38: =IF(AND(Database!A38<>"",OR(Database!G38<=TODAY(),Database!E38="")),38,"") | B38: =IF(A38="","",Database!A38&" - "&Database!B38) | C38: =IF(A38="","","Level "&Database!D38) | D38: =IF(A38="","",IF(Database!E38="","Never",TEXT(Database!E38,"DD/MM/YY"))) | E38: =IF(A38="","",IF(Database!G38="","START NOW!",IF(Database!G38<TODAY(),"OVERDUE "&ABS(Database!G38-TODAY())&"d","Today"))) | H38: =IF(G38="✅ DONE", IF(F38="😊 Easy",MIN(Database!D38+2,7), IF(F38="👍 Good",MIN(Database!D38+1,7), IF(F38="😐 Hard",Database!D38, IF(F38="🔴 Again",MAX(Database!D38-1,0), "")))), "") | I38: =IF(G38="✅ DONE",TEXT(TODAY(),"DD/MM/YY"),"")
A39: =IF(AND(Database!A39<>"",OR(Database!G39<=TODAY(),Database!E39="")),39,"") | B39: =IF(A39="","",Database!A39&" - "&Database!B39) | C39: =IF(A39="","","Level "&Database!D39) | D39: =IF(A39="","",IF(Database!E39="","Never",TEXT(Database!E39,"DD/MM/YY"))) | E39: =IF(A39="","",IF(Database!G39="","START NOW!",IF(Database!G39<TODAY(),"OVERDUE "&ABS(Database!G39-TODAY())&"d","Today"))) | H39: =IF(G39="✅ DONE", IF(F39="😊 Easy",MIN(Database!D39+2,7), IF(F39="👍 Good",MIN(Database!D39+1,7), IF(F39="😐 Hard",Database!D39, IF(F39="🔴 Again",MAX(Database!D39-1,0), "")))), "") | I39: =IF(G39="✅ DONE",TEXT(TODAY(),"DD/MM/YY"),"")
A40: =IF(AND(Database!A40<>"",OR(Database!G40<=TODAY(),Database!E40="")),40,"") | B40: =IF(A40="","",Database!A40&" - "&Database!B40) | C40: =IF(A40="","","Level "&Database!D40) | D40: =IF(A40="","",IF(Database!E40="","Never",TEXT(Database!E40,"DD/MM/YY"))) | E40: =IF(A40="","",IF(Database!G40="","START NOW!",IF(Database!G40<TODAY(),"OVERDUE "&ABS(Database!G40-TODAY())&"d","Today"))) | H40: =IF(G40="✅ DONE", IF(F40="😊 Easy",MIN(Database!D40+2,7), IF(F40="👍 Good",MIN(Database!D40+1,7), IF(F40="😐 Hard",Database!D40, IF(F40="🔴 Again",MAX(Database!D40-1,0), "")))), "") | I40: =IF(G40="✅ DONE",TEXT(TODAY(),"DD/MM/YY"),"")
A41: =IF(AND(Database!A41<>"",OR(Database!G41<=TODAY(),Database!E41="")),41,"") | B41: =IF(A41="","",Database!A41&" - "&Database!B41) | C41: =IF(A41="","","Level "&Database!D41) | D41: =IF(A41="","",IF(Database!E41="","Never",TEXT(Database!E41,"DD/MM/YY"))) | E41: =IF(A41="","",IF(Database!G41="","START NOW!",IF(Database!G41<TODAY(),"OVERDUE "&ABS(Database!G41-TODAY())&"d","Today"))) | H41: =IF(G41="✅ DONE", IF(F41="😊 Easy",MIN(Database!D41+2,7), IF(F41="👍 Good",MIN(Database!D41+1,7), IF(F41="😐 Hard",Database!D41, IF(F41="🔴 Again",MAX(Database!D41-1,0), "")))), "") | I41: =IF(G41="✅ DONE",TEXT(TODAY(),"DD/MM/YY"),"")
A42: =IF(AND(Database!A42<>"",OR(Database!G42<=TODAY(),Database!E42="")),42,"") | B42: =IF(A42="","",Database!A42&" - "&Database!B42) | C42: =IF(A42="","","Level "&Database!D42) | D42: =IF(A42="","",IF(Database!E42="","Never",TEXT(Database!E42,"DD/MM/YY"))) | E42: =IF(A42="","",IF(Database!G42="","START NOW!",IF(Database!G42<TODAY(),"OVERDUE "&ABS(Database!G42-TODAY())&"d","Today"))) | H42: =IF(G42="✅ DONE", IF(F42="😊 Easy",MIN(Database!D42+2,7), IF(F42="👍 Good",MIN(Database!D42+1,7), IF(F42="😐 Hard",Database!D42, IF(F42="🔴 Again",MAX(Database!D42-1,0), "")))), "") | I42: =IF(G42="✅ DONE",TEXT(TODAY(),"DD/MM/YY"),"")
A43: =IF(AND(Database!A43<>"",OR(Database!G43<=TODAY(),Database!E43="")),43,"") | B43: =IF(A43="","",Database!A43&" - "&Database!B43) | C43: =IF(A43="","","Level "&Database!D43) | D43: =IF(A43="","",IF(Database!E43="","Never",TEXT(Database!E43,"DD/MM/YY"))) | E43: =IF(A43="","",IF(Database!G43="","START NOW!",IF(Database!G43<TODAY(),"OVERDUE "&ABS(Database!G43-TODAY())&"d","Today"))) | H43: =IF(G43="✅ DONE", IF(F43="😊 Easy",MIN(Database!D43+2,7), IF(F43="👍 Good",MIN(Database!D43+1,7), IF(F43="😐 Hard",Database!D43, IF(F43="🔴 Again",MAX(Database!D43-1,0), "")))), "") | I43: =IF(G43="✅ DONE",TEXT(TODAY(),"DD/MM/YY"),"")
A44: =IF(AND(Database!A44<>"",OR(Database!G44<=TODAY(),Database!E44="")),44,"") | B44: =IF(A44="","",Database!A44&" - "&Database!B44) | C44: =IF(A44="","","Level "&Database!D44) | D44: =IF(A44="","",IF(Database!E44="","Never",TEXT(Database!E44,"DD/MM/YY"))) | E44: =IF(A44="","",IF(Database!G44="","START NOW!",IF(Database!G44<TODAY(),"OVERDUE "&ABS(Database!G44-TODAY())&"d","Today"))) | H44: =IF(G44="✅ DONE", IF(F44="😊 Easy",MIN(Database!D44+2,7), IF(F44="👍 Good",MIN(Database!D44+1,7), IF(F44="😐 Hard",Database!D44, IF(F44="🔴 Again",MAX(Database!D44-1,0), "")))), "") | I44: =IF(G44="✅ DONE",TEXT(TODAY(),"DD/MM/YY"),"")
A45: =IF(AND(Database!A45<>"",OR(Database!G45<=TODAY(),Database!E45="")),45,"") | B45: =IF(A45="","",Database!A45&" - "&Database!B45) | C45: =IF(A45="","","Level "&Database!D45) | D45: =IF(A45="","",IF(Database!E45="","Never",TEXT(Database!E45,"DD/MM/YY"))) | E45: =IF(A45="","",IF(Database!G45="","START NOW!",IF(Database!G45<TODAY(),"OVERDUE "&ABS(Database!G45-TODAY())&"d","Today"))) | H45: =IF(G45="✅ DONE", IF(F45="😊 Easy",MIN(Database!D45+2,7), IF(F45="👍 Good",MIN(Database!D45+1,7), IF(F45="😐 Hard",Database!D45, IF(F45="🔴 Again",MAX(Database!D45-1,0), "")))), "") | I45: =IF(G45="✅ DONE",TEXT(TODAY(),"DD/MM/YY"),"")
A46: =IF(AND(Database!A46<>"",OR(Database!G46<=TODAY(),Database!E46="")),46,"") | B46: =IF(A46="","",Database!A46&" - "&Database!B46) | C46: =IF(A46="","","Level "&Database!D46) | D46: =IF(A46="","",IF(Database!E46="","Never",TEXT(Database!E46,"DD/MM/YY"))) | E46: =IF(A46="","",IF(Database!G46="","START NOW!",IF(Database!G46<TODAY(),"OVERDUE "&ABS(Database!G46-TODAY())&"d","Today"))) | H46: =IF(G46="✅ DONE", IF(F46="😊 Easy",MIN(Database!D46+2,7), IF(F46="👍 Good",MIN(Database!D46+1,7), IF(F46="😐 Hard",Database!D46, IF(F46="🔴 Again",MAX(Database!D46-1,0), "")))), "") | I46: =IF(G46="✅ DONE",TEXT(TODAY(),"DD/MM/YY"),"")
A47: =IF(AND(Database!A47<>"",OR(Database!G47<=TODAY(),Database!E47="")),47,"") | B47: =IF(A47="","",Database!A47&" - "&Database!B47) | C47: =IF(A47="","","Level "&Database!D47) | D47: =IF(A47="","",IF(Database!E47="","Never",TEXT(Database!E47,"DD/MM/YY"))) | E47: =IF(A47="","",IF(Database!G47="","START NOW!",IF(Database!G47<TODAY(),"OVERDUE "&ABS(Database!G47-TODAY())&"d","Today"))) | H47: =IF(G47="✅ DONE", IF(F47="😊 Easy",MIN(Database!D47+2,7), IF(F47="👍 Good",MIN(Database!D47+1,7), IF(F47="😐 Hard",Database!D47, IF(F47="🔴 Again",MAX(Database!D47-1,0), "")))), "") | I47: =IF(G47="✅ DONE",TEXT(TODAY(),"DD/MM/YY"),"")
A48: =IF(AND(Database!A48<>"",OR(Database!G48<=TODAY(),Database!E48="")),48,"") | B48: =IF(A48="","",Database!A48&" - "&Database!B48) | C48: =IF(A48="","","Level "&Database!D48) | D48: =IF(A48="","",IF(Database!E48="","Never",TEXT(Database!E48,"DD/MM/YY"))) | E48: =IF(A48="","",IF(Database!G48="","START NOW!",IF(Database!G48<TODAY(),"OVERDUE "&ABS(Database!G48-TODAY())&"d","Today"))) | H48: =IF(G48="✅ DONE", IF(F48="😊 Easy",MIN(Database!D48+2,7), IF(F48="👍 Good",MIN(Database!D48+1,7), IF(F48="😐 Hard",Database!D48, IF(F48="🔴 Again",MAX(Database!D48-1,0), "")))), "") | I48: =IF(G48="✅ DONE",TEXT(TODAY(),"DD/MM/YY"),"")
A49: =IF(AND(Database!A49<>"",OR(Database!G49<=TODAY(),Database!E49="")),49,"") | B49: =IF(A49="","",Database!A49&" - "&Database!B49) | C49: =IF(A49="","","Level "&Database!D49) | D49: =IF(A49="","",IF(Database!E49="","Never",TEXT(Database!E49,"DD/MM/YY"))) | E49: =IF(A49="","",IF(Database!G49="","START NOW!",IF(Database!G49<TODAY(),"OVERDUE "&ABS(Database!G49-TODAY())&"d","Today"))) | H49: =IF(G49="✅ DONE", IF(F49="😊 Easy",MIN(Database!D49+2,7), IF(F49="👍 Good",MIN(Database!D49+1,7), IF(F49="😐 Hard",Database!D49, IF(F49="🔴 Again",MAX(Database!D49-1,0), "")))), "") | I49: =IF(G49="✅ DONE",TEXT(TODAY(),"DD/MM/YY"),"")
A50: =IF(AND(Database!A50<>"",OR(Database!G50<=TODAY(),Database!E50="")),50,"") | B50: =IF(A50="","",Database!A50&" - "&Database!B50) | C50: =IF(A50="","","Level "&Database!D50) | D50: =IF(A50="","",IF(Database!E50="","Never",TEXT(Database!E50,"DD/MM/YY"))) | E50: =IF(A50="","",IF(Database!G50="","START NOW!",IF(Database!G50<TODAY(),"OVERDUE "&ABS(Database!G50-TODAY())&"d","Today"))) | H50: =IF(G50="✅ DONE", IF(F50="😊 Easy",MIN(Database!D50+2,7), IF(F50="👍 Good",MIN(Database!D50+1,7), IF(F50="😐 Hard",Database!D50, IF(F50="🔴 Again",MAX(Database!D50-1,0), "")))), "") | I50: =IF(G50="✅ DONE",TEXT(TODAY(),"DD/MM/YY"),"")
A51: =IF(AND(Database!A51<>"",OR(Database!G51<=TODAY(),Database!E51="")),51,"") | B51: =IF(A51="","",Database!A51&" - "&Database!B51) | C51: =IF(A51="","","Level "&Database!D51) | D51: =IF(A51="","",IF(Database!E51="","Never",TEXT(Database!E51,"DD/MM/YY"))) | E51: =IF(A51="","",IF(Database!G51="","START NOW!",IF(Database!G51<TODAY(),"OVERDUE "&ABS(Database!G51-TODAY())&"d","Today"))) | H51: =IF(G51="✅ DONE", IF(F51="😊 Easy",MIN(Database!D51+2,7), IF(F51="👍 Good",MIN(Database!D51+1,7), IF(F51="😐 Hard",Database!D51, IF(F51="🔴 Again",MAX(Database!D51-1,0), "")))), "") | I51: =IF(G51="✅ DONE",TEXT(TODAY(),"DD/MM/YY"),"")
A52: =IF(AND(Database!A52<>"",OR(Database!G52<=TODAY(),Database!E52="")),52,"") | B52: =IF(A52="","",Database!A52&" - "&Database!B52) | C52: =IF(A52="","","Level "&Database!D52) | D52: =IF(A52="","",IF(Database!E52="","Never",TEXT(Database!E52,"DD/MM/YY"))) | E52: =IF(A52="","",IF(Database!G52="","START NOW!",IF(Database!G52<TODAY(),"OVERDUE "&ABS(Database!G52-TODAY())&"d","Today"))) | H52: =IF(G52="✅ DONE", IF(F52="😊 Easy",MIN(Database!D52+2,7), IF(F52="👍 Good",MIN(Database!D52+1,7), IF(F52="😐 Hard",Database!D52, IF(F52="🔴 Again",MAX(Database!D52-1,0), "")))), "") | I52: =IF(G52="✅ DONE",TEXT(TODAY(),"DD/MM/YY"),"")
A53: =IF(AND(Database!A53<>"",OR(Database!G53<=TODAY(),Database!E53="")),53,"") | B53: =IF(A53="","",Database!A53&" - "&Database!B53) | C53: =IF(A53="","","Level "&Database!D53) | D53: =IF(A53="","",IF(Database!E53="","Never",TEXT(Database!E53,"DD/MM/YY"))) | E53: =IF(A53="","",IF(Database!G53="","START NOW!",IF(Database!G53<TODAY(),"OVERDUE "&ABS(Database!G53-TODAY())&"d","Today"))) | H53: =IF(G53="✅ DONE", IF(F53="😊 Easy",MIN(Database!D53+2,7), IF(F53="👍 Good",MIN(Database!D53+1,7), IF(F53="😐 Hard",Database!D53, IF(F53="🔴 Again",MAX(Database!D53-1,0), "")))), "") | I53: =IF(G53="✅ DONE",TEXT(TODAY(),"DD/MM/YY"),"")
A54: =IF(AND(Database!A54<>"",OR(Database!G54<=TODAY(),Database!E54="")),54,"") | B54: =IF(A54="","",Database!A54&" - "&Database!B54) | C54: =IF(A54="","","Level "&Database!D54) | D54: =IF(A54="","",IF(Database!E54="","Never",TEXT(Database!E54,"DD/MM/YY"))) | E54: =IF(A54="","",IF(Database!G54="","START NOW!",IF(Database!G54<TODAY(),"OVERDUE "&ABS(Database!G54-TODAY())&"d","Today"))) | H54: =IF(G54="✅ DONE", IF(F54="😊 Easy",MIN(Database!D54+2,7), IF(F54="👍 Good",MIN(Database!D54+1,7), IF(F54="😐 Hard",Database!D54, IF(F54="🔴 Again",MAX(Database!D54-1,0), "")))), "") | I54: =IF(G54="✅ DONE",TEXT(TODAY(),"DD/MM/YY"),"")
A55: =IF(AND(Database!A55<>"",OR(Database!G55<=TODAY(),Database!E55="")),55,"") | B55: =IF(A55="","",Database!A55&" - "&Database!B55) | C55: =IF(A55="","","Level "&Database!D55) | D55: =IF(A55="","",IF(Database!E55="","Never",TEXT(Database!E55,"DD/MM/YY"))) | E55: =IF(A55="","",IF(Database!G55="","START NOW!",IF(Database!G55<TODAY(),"OVERDUE "&ABS(Database!G55-TODAY())&"d","Today"))) | H55: =IF(G55="✅ DONE", IF(F55="😊 Easy",MIN(Database!D55+2,7), IF(F55="👍 Good",MIN(Database!D55+1,7), IF(F55="😐 Hard",Database!D55, IF(F55="🔴 Again",MAX(Database!D55-1,0), "")))), "") | I55: =IF(G55="✅ DONE",TEXT(TODAY(),"DD/MM/YY"),"")
A56: =IF(AND(Database!A56<>"",OR(Database!G56<=TODAY(),Database!E56="")),56,"") | B56: =IF(A56="","",Database!A56&" - "&Database!B56) | C56: =IF(A56="","","Level "&Database!D56) | D56: =IF(A56="","",IF(Database!E56="","Never",TEXT(Database!E56,"DD/MM/YY"))) | E56: =IF(A56="","",IF(Database!G56="","START NOW!",IF(Database!G56<TODAY(),"OVERDUE "&ABS(Database!G56-TODAY())&"d","Today"))) | H56: =IF(G56="✅ DONE", IF(F56="😊 Easy",MIN(Database!D56+2,7), IF(F56="👍 Good",MIN(Database!D56+1,7), IF(F56="😐 Hard",Database!D56, IF(F56="🔴 Again",MAX(Database!D56-1,0), "")))), "") | I56: =IF(G56="✅ DONE",TEXT(TODAY(),"DD/MM/YY"),"")
A57: =IF(AND(Database!A57<>"",OR(Database!G57<=TODAY(),Database!E57="")),57,"") | B57: =IF(A57="","",Database!A57&" - "&Database!B57) | C57: =IF(A57="","","Level "&Database!D57) | D57: =IF(A57="","",IF(Database!E57="","Never",TEXT(Database!E57,"DD/MM/YY"))) | E57: =IF(A57="","",IF(Database!G57="","START NOW!",IF(Database!G57<TODAY(),"OVERDUE "&ABS(Database!G57-TODAY())&"d","Today"))) | H57: =IF(G57="✅ DONE", IF(F57="😊 Easy",MIN(Database!D57+2,7), IF(F57="👍 Good",MIN(Database!D57+1,7), IF(F57="😐 Hard",Database!D57, IF(F57="🔴 Again",MAX(Database!D57-1,0), "")))), "") | I57: =IF(G57="✅ DONE",TEXT(TODAY(),"DD/MM/YY"),"")
A58: =IF(AND(Database!A58<>"",OR(Database!G58<=TODAY(),Database!E58="")),58,"") | B58: =IF(A58="","",Database!A58&" - "&Database!B58) | C58: =IF(A58="","","Level "&Database!D58) | D58: =IF(A58="","",IF(Database!E58="","Never",TEXT(Database!E58,"DD/MM/YY"))) | E58: =IF(A58="","",IF(Database!G58="","START NOW!",IF(Database!G58<TODAY(),"OVERDUE "&ABS(Database!G58-TODAY())&"d","Today"))) | H58: =IF(G58="✅ DONE", IF(F58="😊 Easy",MIN(Database!D58+2,7), IF(F58="👍 Good",MIN(Database!D58+1,7), IF(F58="😐 Hard",Database!D58, IF(F58="🔴 Again",MAX(Database!D58-1,0), "")))), "") | I58: =IF(G58="✅ DONE",TEXT(TODAY(),"DD/MM/YY"),"")
A59: =IF(AND(Database!A59<>"",OR(Database!G59<=TODAY(),Database!E59="")),59,"") | B59: =IF(A59="","",Database!A59&" - "&Database!B59) | C59: =IF(A59="","","Level "&Database!D59) | D59: =IF(A59="","",IF(Database!E59="","Never",TEXT(Database!E59,"DD/MM/YY"))) | E59: =IF(A59="","",IF(Database!G59="","START NOW!",IF(Database!G59<TODAY(),"OVERDUE "&ABS(Database!G59-TODAY())&"d","Today"))) | H59: =IF(G59="✅ DONE", IF(F59="😊 Easy",MIN(Database!D59+2,7), IF(F59="👍 Good",MIN(Database!D59+1,7), IF(F59="😐 Hard",Database!D59, IF(F59="🔴 Again",MAX(Database!D59-1,0), "")))), "") | I59: =IF(G59="✅ DONE",TEXT(TODAY(),"DD/MM/YY"),"")
A60: =IF(AND(Database!A60<>"",OR(Database!G60<=TODAY(),Database!E60="")),60,"") | B60: =IF(A60="","",Database!A60&" - "&Database!B60) | C60: =IF(A60="","","Level "&Database!D60) | D60: =IF(A60="","",IF(Database!E60="","Never",TEXT(Database!E60,"DD/MM/YY"))) | E60: =IF(A60="","",IF(Database!G60="","START NOW!",IF(Database!G60<TODAY(),"OVERDUE "&ABS(Database!G60-TODAY())&"d","Today"))) | H60: =IF(G60="✅ DONE", IF(F60="😊 Easy",MIN(Database!D60+2,7), IF(F60="👍 Good",MIN(Database!D60+1,7), IF(F60="😐 Hard",Database!D60, IF(F60="🔴 Again",MAX(Database!D60-1,0), "")))), "") | I60: =IF(G60="✅ DONE",TEXT(TODAY(),"DD/MM/YY"),"")
A61: =IF(AND(Database!A61<>"",OR(Database!G61<=TODAY(),Database!E61="")),61,"") | B61: =IF(A61="","",Database!A61&" - "&Database!B61) | C61: =IF(A61="","","Level "&Database!D61) | D61: =IF(A61="","",IF(Database!E61="","Never",TEXT(Database!E61,"DD/MM/YY"))) | E61: =IF(A61="","",IF(Database!G61="","START NOW!",IF(Database!G61<TODAY(),"OVERDUE "&ABS(Database!G61-TODAY())&"d","Today"))) | H61: =IF(G61="✅ DONE", IF(F61="😊 Easy",MIN(Database!D61+2,7), IF(F61="👍 Good",MIN(Database!D61+1,7), IF(F61="😐 Hard",Database!D61, IF(F61="🔴 Again",MAX(Database!D61-1,0), "")))), "") | I61: =IF(G61="✅ DONE",TEXT(TODAY(),"DD/MM/YY"),"")
A62: =IF(AND(Database!A62<>"",OR(Database!G62<=TODAY(),Database!E62="")),62,"") | B62: =IF(A62="","",Database!A62&" - "&Database!B62) | C62: =IF(A62="","","Level "&Database!D62) | D62: =IF(A62="","",IF(Database!E62="","Never",TEXT(Database!E62,"DD/MM/YY"))) | E62: =IF(A62="","",IF(Database!G62="","START NOW!",IF(Database!G62<TODAY(),"OVERDUE "&ABS(Database!G62-TODAY())&"d","Today"))) | H62: =IF(G62="✅ DONE", IF(F62="😊 Easy",MIN(Database!D62+2,7), IF(F62="👍 Good",MIN(Database!D62+1,7), IF(F62="😐 Hard",Database!D62, IF(F62="🔴 Again",MAX(Database!D62-1,0), "")))), "") | I62: =IF(G62="✅ DONE",TEXT(TODAY(),"DD/MM/YY"),"")
A63: =IF(AND(Database!A63<>"",OR(Database!G63<=TODAY(),Database!E63="")),63,"") | B63: =IF(A63="","",Database!A63&" - "&Database!B63) | C63: =IF(A63="","","Level "&Database!D63) | D63: =IF(A63="","",IF(Database!E63="","Never",TEXT(Database!E63,"DD/MM/YY"))) | E63: =IF(A63="","",IF(Database!G63="","START NOW!",IF(Database!G63<TODAY(),"OVERDUE "&ABS(Database!G63-TODAY())&"d","Today"))) | H63: =IF(G63="✅ DONE", IF(F63="😊 Easy",MIN(Database!D63+2,7), IF(F63="👍 Good",MIN(Database!D63+1,7), IF(F63="😐 Hard",Database!D63, IF(F63="🔴 Again",MAX(Database!D63-1,0), "")))), "") | I63: =IF(G63="✅ DONE",TEXT(TODAY(),"DD/MM/YY"),"")
A64: =IF(AND(Database!A64<>"",OR(Database!G64<=TODAY(),Database!E64="")),64,"") | B64: =IF(A64="","",Database!A64&" - "&Database!B64) | C64: =IF(A64="","","Level "&Database!D64) | D64: =IF(A64="","",IF(Database!E64="","Never",TEXT(Database!E64,"DD/MM/YY"))) | E64: =IF(A64="","",IF(Database!G64="","START NOW!",IF(Database!G64<TODAY(),"OVERDUE "&ABS(Database!G64-TODAY())&"d","Today"))) | H64: =IF(G64="✅ DONE", IF(F64="😊 Easy",MIN(Database!D64+2,7), IF(F64="👍 Good",MIN(Database!D64+1,7), IF(F64="😐 Hard",Database!D64, IF(F64="🔴 Again",MAX(Database!D64-1,0), "")))), "") | I64: =IF(G64="✅ DONE",TEXT(TODAY(),"DD/MM/YY"),"")
A65: =IF(AND(Database!A65<>"",OR(Database!G65<=TODAY(),Database!E65="")),65,"") | B65: =IF(A65="","",Database!A65&" - "&Database!B65) | C65: =IF(A65="","","Level "&Database!D65) | D65: =IF(A65="","",IF(Database!E65="","Never",TEXT(Database!E65,"DD/MM/YY"))) | E65: =IF(A65="","",IF(Database!G65="","START NOW!",IF(Database!G65<TODAY(),"OVERDUE "&ABS(Database!G65-TODAY())&"d","Today"))) | H65: =IF(G65="✅ DONE", IF(F65="😊 Easy",MIN(Database!D65+2,7), IF(F65="👍 Good",MIN(Database!D65+1,7), IF(F65="😐 Hard",Database!D65, IF(F65="🔴 Again",MAX(Database!D65-1,0), "")))), "") | I65: =IF(G65="✅ DONE",TEXT(TODAY(),"DD/MM/YY"),"")
A66: =IF(AND(Database!A66<>"",OR(Database!G66<=TODAY(),Database!E66="")),66,"") | B66: =IF(A66="","",Database!A66&" - "&Database!B66) | C66: =IF(A66="","","Level "&Database!D66) | D66: =IF(A66="","",IF(Database!E66="","Never",TEXT(Database!E66,"DD/MM/YY"))) | E66: =IF(A66="","",IF(Database!G66="","START NOW!",IF(Database!G66<TODAY(),"OVERDUE "&ABS(Database!G66-TODAY())&"d","Today"))) | H66: =IF(G66="✅ DONE", IF(F66="😊 Easy",MIN(Database!D66+2,7), IF(F66="👍 Good",MIN(Database!D66+1,7), IF(F66="😐 Hard",Database!D66, IF(F66="🔴 Again",MAX(Database!D66-1,0), "")))), "") | I66: =IF(G66="✅ DONE",TEXT(TODAY(),"DD/MM/YY"),"")
A67: =IF(AND(Database!A67<>"",OR(Database!G67<=TODAY(),Database!E67="")),67,"") | B67: =IF(A67="","",Database!A67&" - "&Database!B67) | C67: =IF(A67="","","Level "&Database!D67) | D67: =IF(A67="","",IF(Database!E67="","Never",TEXT(Database!E67,"DD/MM/YY"))) | E67: =IF(A67="","",IF(Database!G67="","START NOW!",IF(Database!G67<TODAY(),"OVERDUE "&ABS(Database!G67-TODAY())&"d","Today"))) | H67: =IF(G67="✅ DONE", IF(F67="😊 Easy",MIN(Database!D67+2,7), IF(F67="👍 Good",MIN(Database!D67+1,7), IF(F67="😐 Hard",Database!D67, IF(F67="🔴 Again",MAX(Database!D67-1,0), "")))), "") | I67: =IF(G67="✅ DONE",TEXT(TODAY(),"DD/MM/YY"),"")
A68: =IF(AND(Database!A68<>"",OR(Database!G68<=TODAY(),Database!E68="")),68,"") | B68: =IF(A68="","",Database!A68&" - "&Database!B68) | C68: =IF(A68="","","Level "&Database!D68) | D68: =IF(A68="","",IF(Database!E68="","Never",TEXT(Database!E68,"DD/MM/YY"))) | E68: =IF(A68="","",IF(Database!G68="","START NOW!",IF(Database!G68<TODAY(),"OVERDUE "&ABS(Database!G68-TODAY())&"d","Today"))) | H68: =IF(G68="✅ DONE", IF(F68="😊 Easy",MIN(Database!D68+2,7), IF(F68="👍 Good",MIN(Database!D68+1,7), IF(F68="😐 Hard",Database!D68, IF(F68="🔴 Again",MAX(Database!D68-1,0), "")))), "") | I68: =IF(G68="✅ DONE",TEXT(TODAY(),"DD/MM/YY"),"")
A69: =IF(AND(Database!A69<>"",OR(Database!G69<=TODAY(),Database!E69="")),69,"") | B69: =IF(A69="","",Database!A69&" - "&Database!B69) | C69: =IF(A69="","","Level "&Database!D69) | D69: =IF(A69="","",IF(Database!E69="","Never",TEXT(Database!E69,"DD/MM/YY"))) | E69: =IF(A69="","",IF(Database!G69="","START NOW!",IF(Database!G69<TODAY(),"OVERDUE "&ABS(Database!G69-TODAY())&"d","Today"))) | H69: =IF(G69="✅ DONE", IF(F69="😊 Easy",MIN(Database!D69+2,7), IF(F69="👍 Good",MIN(Database!D69+1,7), IF(F69="😐 Hard",Database!D69, IF(F69="🔴 Again",MAX(Database!D69-1,0), "")))), "") | I69: =IF(G69="✅ DONE",TEXT(TODAY(),"DD/MM/YY"),"")
A70: =IF(AND(Database!A70<>"",OR(Database!G70<=TODAY(),Database!E70="")),70,"") | B70: =IF(A70="","",Database!A70&" - "&Database!B70) | C70: =IF(A70="","","Level "&Database!D70) | D70: =IF(A70="","",IF(Database!E70="","Never",TEXT(Database!E70,"DD/MM/YY"))) | E70: =IF(A70="","",IF(Database!G70="","START NOW!",IF(Database!G70<TODAY(),"OVERDUE "&ABS(Database!G70-TODAY())&"d","Today"))) | H70: =IF(G70="✅ DONE", IF(F70="😊 Easy",MIN(Database!D70+2,7), IF(F70="👍 Good",MIN(Database!D70+1,7), IF(F70="😐 Hard",Database!D70, IF(F70="🔴 Again",MAX(Database!D70-1,0), "")))), "") | I70: =IF(G70="✅ DONE",TEXT(TODAY(),"DD/MM/YY"),"")
A71: =IF(AND(Database!A71<>"",OR(Database!G71<=TODAY(),Database!E71="")),71,"") | B71: =IF(A71="","",Database!A71&" - "&Database!B71) | C71: =IF(A71="","","Level "&Database!D71) | D71: =IF(A71="","",IF(Database!E71="","Never",TEXT(Database!E71,"DD/MM/YY"))) | E71: =IF(A71="","",IF(Database!G71="","START NOW!",IF(Database!G71<TODAY(),"OVERDUE "&ABS(Database!G71-TODAY())&"d","Today"))) | H71: =IF(G71="✅ DONE", IF(F71="😊 Easy",MIN(Database!D71+2,7), IF(F71="👍 Good",MIN(Database!D71+1,7), IF(F71="😐 Hard",Database!D71, IF(F71="🔴 Again",MAX(Database!D71-1,0), "")))), "") | I71: =IF(G71="✅ DONE",TEXT(TODAY(),"DD/MM/YY"),"")
A72: =IF(AND(Database!A72<>"",OR(Database!G72<=TODAY(),Database!E72="")),72,"") | B72: =IF(A72="","",Database!A72&" - "&Database!B72) | C72: =IF(A72="","","Level "&Database!D72) | D72: =IF(A72="","",IF(Database!E72="","Never",TEXT(Database!E72,"DD/MM/YY"))) | E72: =IF(A72="","",IF(Database!G72="","START NOW!",IF(Database!G72<TODAY(),"OVERDUE "&ABS(Database!G72-TODAY())&"d","Today"))) | H72: =IF(G72="✅ DONE", IF(F72="😊 Easy",MIN(Database!D72+2,7), IF(F72="👍 Good",MIN(Database!D72+1,7), IF(F72="😐 Hard",Database!D72, IF(F72="🔴 Again",MAX(Database!D72-1,0), "")))), "") | I72: =IF(G72="✅ DONE",TEXT(TODAY(),"DD/MM/YY"),"")
A73: =IF(AND(Database!A73<>"",OR(Database!G73<=TODAY(),Database!E73="")),73,"") | B73: =IF(A73="","",Database!A73&" - "&Database!B73) | C73: =IF(A73="","","Level "&Database!D73) | D73: =IF(A73="","",IF(Database!E73="","Never",TEXT(Database!E73,"DD/MM/YY"))) | E73: =IF(A73="","",IF(Database!G73="","START NOW!",IF(Database!G73<TODAY(),"OVERDUE "&ABS(Database!G73-TODAY())&"d","Today"))) | H73: =IF(G73="✅ DONE", IF(F73="😊 Easy",MIN(Database!D73+2,7), IF(F73="👍 Good",MIN(Database!D73+1,7), IF(F73="😐 Hard",Database!D73, IF(F73="🔴 Again",MAX(Database!D73-1,0), "")))), "") | I73: =IF(G73="✅ DONE",TEXT(TODAY(),"DD/MM/YY"),"")
A74: =IF(AND(Database!A74<>"",OR(Database!G74<=TODAY(),Database!E74="")),74,"") | B74: =IF(A74="","",Database!A74&" - "&Database!B74) | C74: =IF(A74="","","Level "&Database!D74) | D74: =IF(A74="","",IF(Database!E74="","Never",TEXT(Database!E74,"DD/MM/YY"))) | E74: =IF(A74="","",IF(Database!G74="","START NOW!",IF(Database!G74<TODAY(),"OVERDUE "&ABS(Database!G74-TODAY())&"d","Today"))) | H74: =IF(G74="✅ DONE", IF(F74="😊 Easy",MIN(Database!D74+2,7), IF(F74="👍 Good",MIN(Database!D74+1,7), IF(F74="😐 Hard",Database!D74, IF(F74="🔴 Again",MAX(Database!D74-1,0), "")))), "") | I74: =IF(G74="✅ DONE",TEXT(TODAY(),"DD/MM/YY"),"")
A75: =IF(AND(Database!A75<>"",OR(Database!G75<=TODAY(),Database!E75="")),75,"") | B75: =IF(A75="","",Database!A75&" - "&Database!B75) | C75: =IF(A75="","","Level "&Database!D75) | D75: =IF(A75="","",IF(Database!E75="","Never",TEXT(Database!E75,"DD/MM/YY"))) | E75: =IF(A75="","",IF(Database!G75="","START NOW!",IF(Database!G75<TODAY(),"OVERDUE "&ABS(Database!G75-TODAY())&"d","Today"))) | H75: =IF(G75="✅ DONE", IF(F75="😊 Easy",MIN(Database!D75+2,7), IF(F75="👍 Good",MIN(Database!D75+1,7), IF(F75="😐 Hard",Database!D75, IF(F75="🔴 Again",MAX(Database!D75-1,0), "")))), "") | I75: =IF(G75="✅ DONE",TEXT(TODAY(),"DD/MM/YY"),"")
A76: =IF(AND(Database!A76<>"",OR(Database!G76<=TODAY(),Database!E76="")),76,"") | B76: =IF(A76="","",Database!A76&" - "&Database!B76) | C76: =IF(A76="","","Level "&Database!D76) | D76: =IF(A76="","",IF(Database!E76="","Never",TEXT(Database!E76,"DD/MM/YY"))) | E76: =IF(A76="","",IF(Database!G76="","START NOW!",IF(Database!G76<TODAY(),"OVERDUE "&ABS(Database!G76-TODAY())&"d","Today"))) | H76: =IF(G76="✅ DONE", IF(F76="😊 Easy",MIN(Database!D76+2,7), IF(F76="👍 Good",MIN(Database!D76+1,7), IF(F76="😐 Hard",Database!D76, IF(F76="🔴 Again",MAX(Database!D76-1,0), "")))), "") | I76: =IF(G76="✅ DONE",TEXT(TODAY(),"DD/MM/YY"),"")
A77: =IF(AND(Database!A77<>"",OR(Database!G77<=TODAY(),Database!E77="")),77,"") | B77: =IF(A77="","",Database!A77&" - "&Database!B77) | C77: =IF(A77="","","Level "&Database!D77) | D77: =IF(A77="","",IF(Database!E77="","Never",TEXT(Database!E77,"DD/MM/YY"))) | E77: =IF(A77="","",IF(Database!G77="","START NOW!",IF(Database!G77<TODAY(),"OVERDUE "&ABS(Database!G77-TODAY())&"d","Today"))) | H77: =IF(G77="✅ DONE", IF(F77="😊 Easy",MIN(Database!D77+2,7), IF(F77="👍 Good",MIN(Database!D77+1,7), IF(F77="😐 Hard",Database!D77, IF(F77="🔴 Again",MAX(Database!D77-1,0), "")))), "") | I77: =IF(G77="✅ DONE",TEXT(TODAY(),"DD/MM/YY"),"")
A78: =IF(AND(Database!A78<>"",OR(Database!G78<=TODAY(),Database!E78="")),78,"") | B78: =IF(A78="","",Database!A78&" - "&Database!B78) | C78: =IF(A78="","","Level "&Database!D78) | D78: =IF(A78="","",IF(Database!E78="","Never",TEXT(Database!E78,"DD/MM/YY"))) | E78: =IF(A78="","",IF(Database!G78="","START NOW!",IF(Database!G78<TODAY(),"OVERDUE "&ABS(Database!G78-TODAY())&"d","Today"))) | H78: =IF(G78="✅ DONE", IF(F78="😊 Easy",MIN(Database!D78+2,7), IF(F78="👍 Good",MIN(Database!D78+1,7), IF(F78="😐 Hard",Database!D78, IF(F78="🔴 Again",MAX(Database!D78-1,0), "")))), "") | I78: =IF(G78="✅ DONE",TEXT(TODAY(),"DD/MM/YY"),"")
A79: =IF(AND(Database!A79<>"",OR(Database!G79<=TODAY(),Database!E79="")),79,"") | B79: =IF(A79="","",Database!A79&" - "&Database!B79) | C79: =IF(A79="","","Level "&Database!D79) | D79: =IF(A79="","",IF(Database!E79="","Never",TEXT(Database!E79,"DD/MM/YY"))) | E79: =IF(A79="","",IF(Database!G79="","START NOW!",IF(Database!G79<TODAY(),"OVERDUE "&ABS(Database!G79-TODAY())&"d","Today"))) | H79: =IF(G79="✅ DONE", IF(F79="😊 Easy",MIN(Database!D79+2,7), IF(F79="👍 Good",MIN(Database!D79+1,7), IF(F79="😐 Hard",Database!D79, IF(F79="🔴 Again",MAX(Database!D79-1,0), "")))), "") | I79: =IF(G79="✅ DONE",TEXT(TODAY(),"DD/MM/YY"),"")
A80: =IF(AND(Database!A80<>"",OR(Database!G80<=TODAY(),Database!E80="")),80,"") | B80: =IF(A80="","",Database!A80&" - "&Database!B80) | C80: =IF(A80="","","Level "&Database!D80) | D80: =IF(A80="","",IF(Database!E80="","Never",TEXT(Database!E80,"DD/MM/YY"))) | E80: =IF(A80="","",IF(Database!G80="","START NOW!",IF(Database!G80<TODAY(),"OVERDUE "&ABS(Database!G80-TODAY())&"d","Today"))) | H80: =IF(G80="✅ DONE", IF(F80="😊 Easy",MIN(Database!D80+2,7), IF(F80="👍 Good",MIN(Database!D80+1,7), IF(F80="😐 Hard",Database!D80, IF(F80="🔴 Again",MAX(Database!D80-1,0), "")))), "") | I80: =IF(G80="✅ DONE",TEXT(TODAY(),"DD/MM/YY"),"")
A81: =IF(AND(Database!A81<>"",OR(Database!G81<=TODAY(),Database!E81="")),81,"") | B81: =IF(A81="","",Database!A81&" - "&Database!B81) | C81: =IF(A81="","","Level "&Database!D81) | D81: =IF(A81="","",IF(Database!E81="","Never",TEXT(Database!E81,"DD/MM/YY"))) | E81: =IF(A81="","",IF(Database!G81="","START NOW!",IF(Database!G81<TODAY(),"OVERDUE "&ABS(Database!G81-TODAY())&"d","Today"))) | H81: =IF(G81="✅ DONE", IF(F81="😊 Easy",MIN(Database!D81+2,7), IF(F81="👍 Good",MIN(Database!D81+1,7), IF(F81="😐 Hard",Database!D81, IF(F81="🔴 Again",MAX(Database!D81-1,0), "")))), "") | I81: =IF(G81="✅ DONE",TEXT(TODAY(),"DD/MM/YY"),"")
A82: =IF(AND(Database!A82<>"",OR(Database!G82<=TODAY(),Database!E82="")),82,"") | B82: =IF(A82="","",Database!A82&" - "&Database!B82) | C82: =IF(A82="","","Level "&Database!D82) | D82: =IF(A82="","",IF(Database!E82="","Never",TEXT(Database!E82,"DD/MM/YY"))) | E82: =IF(A82="","",IF(Database!G82="","START NOW!",IF(Database!G82<TODAY(),"OVERDUE "&ABS(Database!G82-TODAY())&"d","Today"))) | H82: =IF(G82="✅ DONE", IF(F82="😊 Easy",MIN(Database!D82+2,7), IF(F82="👍 Good",MIN(Database!D82+1,7), IF(F82="😐 Hard",Database!D82, IF(F82="🔴 Again",MAX(Database!D82-1,0), "")))), "") | I82: =IF(G82="✅ DONE",TEXT(TODAY(),"DD/MM/YY"),"")
A83: =IF(AND(Database!A83<>"",OR(Database!G83<=TODAY(),Database!E83="")),83,"") | B83: =IF(A83="","",Database!A83&" - "&Database!B83) | C83: =IF(A83="","","Level "&Database!D83) | D83: =IF(A83="","",IF(Database!E83="","Never",TEXT(Database!E83,"DD/MM/YY"))) | E83: =IF(A83="","",IF(Database!G83="","START NOW!",IF(Database!G83<TODAY(),"OVERDUE "&ABS(Database!G83-TODAY())&"d","Today"))) | H83: =IF(G83="✅ DONE", IF(F83="😊 Easy",MIN(Database!D83+2,7), IF(F83="👍 Good",MIN(Database!D83+1,7), IF(F83="😐 Hard",Database!D83, IF(F83="🔴 Again",MAX(Database!D83-1,0), "")))), "") | I83: =IF(G83="✅ DONE",TEXT(TODAY(),"DD/MM/YY"),"")
A84: =IF(AND(Database!A84<>"",OR(Database!G84<=TODAY(),Database!E84="")),84,"") | B84: =IF(A84="","",Database!A84&" - "&Database!B84) | C84: =IF(A84="","","Level "&Database!D84) | D84: =IF(A84="","",IF(Database!E84="","Never",TEXT(Database!E84,"DD/MM/YY"))) | E84: =IF(A84="","",IF(Database!G84="","START NOW!",IF(Database!G84<TODAY(),"OVERDUE "&ABS(Database!G84-TODAY())&"d","Today"))) | H84: =IF(G84="✅ DONE", IF(F84="😊 Easy",MIN(Database!D84+2,7), IF(F84="👍 Good",MIN(Database!D84+1,7), IF(F84="😐 Hard",Database!D84, IF(F84="🔴 Again",MAX(Database!D84-1,0), "")))), "") | I84: =IF(G84="✅ DONE",TEXT(TODAY(),"DD/MM/YY"),"")
A85: =IF(AND(Database!A85<>"",OR(Database!G85<=TODAY(),Database!E85="")),85,"") | B85: =IF(A85="","",Database!A85&" - "&Database!B85) | C85: =IF(A85="","","Level "&Database!D85) | D85: =IF(A85="","",IF(Database!E85="","Never",TEXT(Database!E85,"DD/MM/YY"))) | E85: =IF(A85="","",IF(Database!G85="","START NOW!",IF(Database!G85<TODAY(),"OVERDUE "&ABS(Database!G85-TODAY())&"d","Today"))) | H85: =IF(G85="✅ DONE", IF(F85="😊 Easy",MIN(Database!D85+2,7), IF(F85="👍 Good",MIN(Database!D85+1,7), IF(F85="😐 Hard",Database!D85, IF(F85="🔴 Again",MAX(Database!D85-1,0), "")))), "") | I85: =IF(G85="✅ DONE",TEXT(TODAY(),"DD/MM/YY"),"")
A86: =IF(AND(Database!A86<>"",OR(Database!G86<=TODAY(),Database!E86="")),86,"") | B86: =IF(A86="","",Database!A86&" - "&Database!B86) | C86: =IF(A86="","","Level "&Database!D86) | D86: =IF(A86="","",IF(Database!E86="","Never",TEXT(Database!E86,"DD/MM/YY"))) | E86: =IF(A86="","",IF(Database!G86="","START NOW!",IF(Database!G86<TODAY(),"OVERDUE "&ABS(Database!G86-TODAY())&"d","Today"))) | H86: =IF(G86="✅ DONE", IF(F86="😊 Easy",MIN(Database!D86+2,7), IF(F86="👍 Good",MIN(Database!D86+1,7), IF(F86="😐 Hard",Database!D86, IF(F86="🔴 Again",MAX(Database!D86-1,0), "")))), "") | I86: =IF(G86="✅ DONE",TEXT(TODAY(),"DD/MM/YY"),"")
A87: =IF(AND(Database!A87<>"",OR(Database!G87<=TODAY(),Database!E87="")),87,"") | B87: =IF(A87="","",Database!A87&" - "&Database!B87) | C87: =IF(A87="","","Level "&Database!D87) | D87: =IF(A87="","",IF(Database!E87="","Never",TEXT(Database!E87,"DD/MM/YY"))) | E87: =IF(A87="","",IF(Database!G87="","START NOW!",IF(Database!G87<TODAY(),"OVERDUE "&ABS(Database!G87-TODAY())&"d","Today"))) | H87: =IF(G87="✅ DONE", IF(F87="😊 Easy",MIN(Database!D87+2,7), IF(F87="👍 Good",MIN(Database!D87+1,7), IF(F87="😐 Hard",Database!D87, IF(F87="🔴 Again",MAX(Database!D87-1,0), "")))), "") | I87: =IF(G87="✅ DONE",TEXT(TODAY(),"DD/MM/YY"),"")
A88: =IF(AND(Database!A88<>"",OR(Database!G88<=TODAY(),Database!E88="")),88,"") | B88: =IF(A88="","",Database!A88&" - "&Database!B88) | C88: =IF(A88="","","Level "&Database!D88) | D88: =IF(A88="","",IF(Database!E88="","Never",TEXT(Database!E88,"DD/MM/YY"))) | E88: =IF(A88="","",IF(Database!G88="","START NOW!",IF(Database!G88<TODAY(),"OVERDUE "&ABS(Database!G88-TODAY())&"d","Today"))) | H88: =IF(G88="✅ DONE", IF(F88="😊 Easy",MIN(Database!D88+2,7), IF(F88="👍 Good",MIN(Database!D88+1,7), IF(F88="😐 Hard",Database!D88, IF(F88="🔴 Again",MAX(Database!D88-1,0), "")))), "") | I88: =IF(G88="✅ DONE",TEXT(TODAY(),"DD/MM/YY"),"")
A89: =IF(AND(Database!A89<>"",OR(Database!G89<=TODAY(),Database!E89="")),89,"") | B89: =IF(A89="","",Database!A89&" - "&Database!B89) | C89: =IF(A89="","","Level "&Database!D89) | D89: =IF(A89="","",IF(Database!E89="","Never",TEXT(Database!E89,"DD/MM/YY"))) | E89: =IF(A89="","",IF(Database!G89="","START NOW!",IF(Database!G89<TODAY(),"OVERDUE "&ABS(Database!G89-TODAY())&"d","Today"))) | H89: =IF(G89="✅ DONE", IF(F89="😊 Easy",MIN(Database!D89+2,7), IF(F89="👍 Good",MIN(Database!D89+1,7), IF(F89="😐 Hard",Database!D89, IF(F89="🔴 Again",MAX(Database!D89-1,0), "")))), "") | I89: =IF(G89="✅ DONE",TEXT(TODAY(),"DD/MM/YY"),"")
A90: =IF(AND(Database!A90<>"",OR(Database!G90<=TODAY(),Database!E90="")),90,"") | B90: =IF(A90="","",Database!A90&" - "&Database!B90) | C90: =IF(A90="","","Level "&Database!D90) | D90: =IF(A90="","",IF(Database!E90="","Never",TEXT(Database!E90,"DD/MM/YY"))) | E90: =IF(A90="","",IF(Database!G90="","START NOW!",IF(Database!G90<TODAY(),"OVERDUE "&ABS(Database!G90-TODAY())&"d","Today"))) | H90: =IF(G90="✅ DONE", IF(F90="😊 Easy",MIN(Database!D90+2,7), IF(F90="👍 Good",MIN(Database!D90+1,7), IF(F90="😐 Hard",Database!D90, IF(F90="🔴 Again",MAX(Database!D90-1,0), "")))), "") | I90: =IF(G90="✅ DONE",TEXT(TODAY(),"DD/MM/YY"),"")
A91: =IF(AND(Database!A91<>"",OR(Database!G91<=TODAY(),Database!E91="")),91,"") | B91: =IF(A91="","",Database!A91&" - "&Database!B91) | C91: =IF(A91="","","Level "&Database!D91) | D91: =IF(A91="","",IF(Database!E91="","Never",TEXT(Database!E91,"DD/MM/YY"))) | E91: =IF(A91="","",IF(Database!G91="","START NOW!",IF(Database!G91<TODAY(),"OVERDUE "&ABS(Database!G91-TODAY())&"d","Today"))) | H91: =IF(G91="✅ DONE", IF(F91="😊 Easy",MIN(Database!D91+2,7), IF(F91="👍 Good",MIN(Database!D91+1,7), IF(F91="😐 Hard",Database!D91, IF(F91="🔴 Again",MAX(Database!D91-1,0), "")))), "") | I91: =IF(G91="✅ DONE",TEXT(TODAY(),"DD/MM/YY"),"")
A92: =IF(AND(Database!A92<>"",OR(Database!G92<=TODAY(),Database!E92="")),92,"") | B92: =IF(A92="","",Database!A92&" - "&Database!B92) | C92: =IF(A92="","","Level "&Database!D92) | D92: =IF(A92="","",IF(Database!E92="","Never",TEXT(Database!E92,"DD/MM/YY"))) | E92: =IF(A92="","",IF(Database!G92="","START NOW!",IF(Database!G92<TODAY(),"OVERDUE "&ABS(Database!G92-TODAY())&"d","Today"))) | H92: =IF(G92="✅ DONE", IF(F92="😊 Easy",MIN(Database!D92+2,7), IF(F92="👍 Good",MIN(Database!D92+1,7), IF(F92="😐 Hard",Database!D92, IF(F92="🔴 Again",MAX(Database!D92-1,0), "")))), "") | I92: =IF(G92="✅ DONE",TEXT(TODAY(),"DD/MM/YY"),"")
A93: =IF(AND(Database!A93<>"",OR(Database!G93<=TODAY(),Database!E93="")),93,"") | B93: =IF(A93="","",Database!A93&" - "&Database!B93) | C93: =IF(A93="","","Level "&Database!D93) | D93: =IF(A93="","",IF(Database!E93="","Never",TEXT(Database!E93,"DD/MM/YY"))) | E93: =IF(A93="","",IF(Database!G93="","START NOW!",IF(Database!G93<TODAY(),"OVERDUE "&ABS(Database!G93-TODAY())&"d","Today"))) | H93: =IF(G93="✅ DONE", IF(F93="😊 Easy",MIN(Database!D93+2,7), IF(F93="👍 Good",MIN(Database!D93+1,7), IF(F93="😐 Hard",Database!D93, IF(F93="🔴 Again",MAX(Database!D93-1,0), "")))), "") | I93: =IF(G93="✅ DONE",TEXT(TODAY(),"DD/MM/YY"),"")
A94: =IF(AND(Database!A94<>"",OR(Database!G94<=TODAY(),Database!E94="")),94,"") | B94: =IF(A94="","",Database!A94&" - "&Database!B94) | C94: =IF(A94="","","Level "&Database!D94) | D94: =IF(A94="","",IF(Database!E94="","Never",TEXT(Database!E94,"DD/MM/YY"))) | E94: =IF(A94="","",IF(Database!G94="","START NOW!",IF(Database!G94<TODAY(),"OVERDUE "&ABS(Database!G94-TODAY())&"d","Today"))) | H94: =IF(G94="✅ DONE", IF(F94="😊 Easy",MIN(Database!D94+2,7), IF(F94="👍 Good",MIN(Database!D94+1,7), IF(F94="😐 Hard",Database!D94, IF(F94="🔴 Again",MAX(Database!D94-1,0), "")))), "") | I94: =IF(G94="✅ DONE",TEXT(TODAY(),"DD/MM/YY"),"")
A95: =IF(AND(Database!A95<>"",OR(Database!G95<=TODAY(),Database!E95="")),95,"") | B95: =IF(A95="","",Database!A95&" - "&Database!B95) | C95: =IF(A95="","","Level "&Database!D95) | D95: =IF(A95="","",IF(Database!E95="","Never",TEXT(Database!E95,"DD/MM/YY"))) | E95: =IF(A95="","",IF(Database!G95="","START NOW!",IF(Database!G95<TODAY(),"OVERDUE "&ABS(Database!G95-TODAY())&"d","Today"))) | H95: =IF(G95="✅ DONE", IF(F95="😊 Easy",MIN(Database!D95+2,7), IF(F95="👍 Good",MIN(Database!D95+1,7), IF(F95="😐 Hard",Database!D95, IF(F95="🔴 Again",MAX(Database!D95-1,0), "")))), "") | I95: =IF(G95="✅ DONE",TEXT(TODAY(),"DD/MM/YY"),"")
A96: =IF(AND(Database!A96<>"",OR(Database!G96<=TODAY(),Database!E96="")),96,"") | B96: =IF(A96="","",Database!A96&" - "&Database!B96) | C96: =IF(A96="","","Level "&Database!D96) | D96: =IF(A96="","",IF(Database!E96="","Never",TEXT(Database!E96,"DD/MM/YY"))) | E96: =IF(A96="","",IF(Database!G96="","START NOW!",IF(Database!G96<TODAY(),"OVERDUE "&ABS(Database!G96-TODAY())&"d","Today"))) | H96: =IF(G96="✅ DONE", IF(F96="😊 Easy",MIN(Database!D96+2,7), IF(F96="👍 Good",MIN(Database!D96+1,7), IF(F96="😐 Hard",Database!D96, IF(F96="🔴 Again",MAX(Database!D96-1,0), "")))), "") | I96: =IF(G96="✅ DONE",TEXT(TODAY(),"DD/MM/YY"),"")
A97: =IF(AND(Database!A97<>"",OR(Database!G97<=TODAY(),Database!E97="")),97,"") | B97: =IF(A97="","",Database!A97&" - "&Database!B97) | C97: =IF(A97="","","Level "&Database!D97) | D97: =IF(A97="","",IF(Database!E97="","Never",TEXT(Database!E97,"DD/MM/YY"))) | E97: =IF(A97="","",IF(Database!G97="","START NOW!",IF(Database!G97<TODAY(),"OVERDUE "&ABS(Database!G97-TODAY())&"d","Today"))) | H97: =IF(G97="✅ DONE", IF(F97="😊 Easy",MIN(Database!D97+2,7), IF(F97="👍 Good",MIN(Database!D97+1,7), IF(F97="😐 Hard",Database!D97, IF(F97="🔴 Again",MAX(Database!D97-1,0), "")))), "") | I97: =IF(G97="✅ DONE",TEXT(TODAY(),"DD/MM/YY"),"")
A98: =IF(AND(Database!A98<>"",OR(Database!G98<=TODAY(),Database!E98="")),98,"") | B98: =IF(A98="","",Database!A98&" - "&Database!B98) | C98: =IF(A98="","","Level "&Database!D98) | D98: =IF(A98="","",IF(Database!E98="","Never",TEXT(Database!E98,"DD/MM/YY"))) | E98: =IF(A98="","",IF(Database!G98="","START NOW!",IF(Database!G98<TODAY(),"OVERDUE "&ABS(Database!G98-TODAY())&"d","Today"))) | H98: =IF(G98="✅ DONE", IF(F98="😊 Easy",MIN(Database!D98+2,7), IF(F98="👍 Good",MIN(Database!D98+1,7), IF(F98="😐 Hard",Database!D98, IF(F98="🔴 Again",MAX(Database!D98-1,0), "")))), "") | I98: =IF(G98="✅ DONE",TEXT(TODAY(),"DD/MM/YY"),"")
A99: =IF(AND(Database!A99<>"",OR(Database!G99<=TODAY(),Database!E99="")),99,"") | B99: =IF(A99="","",Database!A99&" - "&Database!B99) | C99: =IF(A99="","","Level "&Database!D99) | D99: =IF(A99="","",IF(Database!E99="","Never",TEXT(Database!E99,"DD/MM/YY"))) | E99: =IF(A99="","",IF(Database!G99="","START NOW!",IF(Database!G99<TODAY(),"OVERDUE "&ABS(Database!G99-TODAY())&"d","Today"))) | H99: =IF(G99="✅ DONE", IF(F99="😊 Easy",MIN(Database!D99+2,7), IF(F99="👍 Good",MIN(Database!D99+1,7), IF(F99="😐 Hard",Database!D99, IF(F99="🔴 Again",MAX(Database!D99-1,0), "")))), "") | I99: =IF(G99="✅ DONE",TEXT(TODAY(),"DD/MM/YY"),"")
A100: =IF(AND(Database!A100<>"",OR(Database!G100<=TODAY(),Database!E100="")),100,"") | B100: =IF(A100="","",Database!A100&" - "&Database!B100) | C100: =IF(A100="","","Level "&Database!D100) | D100: =IF(A100="","",IF(Database!E100="","Never",TEXT(Database!E100,"DD/MM/YY"))) | E100: =IF(A100="","",IF(Database!G100="","START NOW!",IF(Database!G100<TODAY(),"OVERDUE "&ABS(Database!G100-TODAY())&"d","Today"))) | H100: =IF(G100="✅ DONE", IF(F100="😊 Easy",MIN(Database!D100+2,7), IF(F100="👍 Good",MIN(Database!D100+1,7), IF(F100="😐 Hard",Database!D100, IF(F100="🔴 Again",MAX(Database!D100-1,0), "")))), "") | I100: =IF(G100="✅ DONE",TEXT(TODAY(),"DD/MM/YY"),"")
...

Sheet Database
A1: DATABASE - Your Lessons
A2: ✅ Update col D (Level) and col E (Last Review) with green values from TODAY sheet after completing reviews!
A3: Topic | B3: Lesson | C3: Difficulty | D3: Level | E3: Last Review | F3: Interval | G3: Next Review
A4: Anatomy | B4: Heart chambers | C4: Normal | D4: 2 | E4: 46054 | F4: =IF(D4="","", ROUND( CHOOSE(MIN(D4+1,8),0,1,3,7,15,30,60,90) * IF(C4="Easy Topic",1.3,IF(C4="Hard Topic",0.7,1)) ,0)) -> 3 | G4: =IF(E4="","",MAX(E4,TODAY())+F4) -> 46066
A5: Microbio | B5: Viral replication | C5: Hard Topic | D5: 0 | F5: =IF(D5="","", ROUND( CHOOSE(MIN(D5+1,8),0,1,3,7,15,30,60,90) * IF(C5="Easy Topic",1.3,IF(C5="Hard Topic",0.7,1)) ,0)) -> 0 | G5: =IF(E5="","",MAX(E5,TODAY())+F5)
A6: Pharmacology | B6: Benzodiazepines | C6: Easy Topic | D6: 1 | E6: 46062 | F6: =IF(D6="","", ROUND( CHOOSE(MIN(D6+1,8),0,1,3,7,15,30,60,90) * IF(C6="Easy Topic",1.3,IF(C6="Hard Topic",0.7,1)) ,0)) -> 1 | G6: =IF(E6="","",MAX(E6,TODAY())+F6) -> 46064
A7: Physiology | B7: Cardiac cycle | C7: Normal | D7: 3 | E7: 46050 | F7: =IF(D7="","", ROUND( CHOOSE(MIN(D7+1,8),0,1,3,7,15,30,60,90) * IF(C7="Easy Topic",1.3,IF(C7="Hard Topic",0.7,1)) ,0)) -> 7 | G7: =IF(E7="","",MAX(E7,TODAY())+F7) -> 46070
F8: =IF(D8="","", ROUND( CHOOSE(MIN(D8+1,8),0,1,3,7,15,30,60,90) * IF(C8="Easy Topic",1.3,IF(C8="Hard Topic",0.7,1)) ,0)) | G8: =IF(E8="","",MAX(E8,TODAY())+F8)
F9: =IF(D9="","", ROUND( CHOOSE(MIN(D9+1,8),0,1,3,7,15,30,60,90) * IF(C9="Easy Topic",1.3,IF(C9="Hard Topic",0.7,1)) ,0)) | G9: =IF(E9="","",MAX(E9,TODAY())+F9)
F10: =IF(D10="","", ROUND( CHOOSE(MIN(D10+1,8),0,1,3,7,15,30,60,90) * IF(C10="Easy Topic",1.3,IF(C10="Hard Topic",0.7,1)) ,0)) | G10: =IF(E10="","",MAX(E10,TODAY())+F10)
F11: =IF(D11="","", ROUND( CHOOSE(MIN(D11+1,8),0,1,3,7,15,30,60,90) * IF(C11="Easy Topic",1.3,IF(C11="Hard Topic",0.7,1)) ,0)) | G11: =IF(E11="","",MAX(E11,TODAY())+F11)
F12: =IF(D12="","", ROUND( CHOOSE(MIN(D12+1,8),0,1,3,7,15,30,60,90) * IF(C12="Easy Topic",1.3,IF(C12="Hard Topic",0.7,1)) ,0)) | G12: =IF(E12="","",MAX(E12,TODAY())+F12)
F13: =IF(D13="","", ROUND( CHOOSE(MIN(D13+1,8),0,1,3,7,15,30,60,90) * IF(C13="Easy Topic",1.3,IF(C13="Hard Topic",0.7,1)) ,0)) | G13: =IF(E13="","",MAX(E13,TODAY())+F13)
F14: =IF(D14="","", ROUND( CHOOSE(MIN(D14+1,8),0,1,3,7,15,30,60,90) * IF(C14="Easy Topic",1.3,IF(C14="Hard Topic",0.7,1)) ,0)) | G14: =IF(E14="","",MAX(E14,TODAY())+F14)
F15: =IF(D15="","", ROUND( CHOOSE(MIN(D15+1,8),0,1,3,7,15,30,60,90) * IF(C15="Easy Topic",1.3,IF(C15="Hard Topic",0.7,1)) ,0)) | G15: =IF(E15="","",MAX(E15,TODAY())+F15)
F16: =IF(D16="","", ROUND( CHOOSE(MIN(D16+1,8),0,1,3,7,15,30,60,90) * IF(C16="Easy Topic",1.3,IF(C16="Hard Topic",0.7,1)) ,0)) | G16: =IF(E16="","",MAX(E16,TODAY())+F16)
F17: =IF(D17="","", ROUND( CHOOSE(MIN(D17+1,8),0,1,3,7,15,30,60,90) * IF(C17="Easy Topic",1.3,IF(C17="Hard Topic",0.7,1)) ,0)) | G17: =IF(E17="","",MAX(E17,TODAY())+F17)
F18: =IF(D18="","", ROUND( CHOOSE(MIN(D18+1,8),0,1,3,7,15,30,60,90) * IF(C18="Easy Topic",1.3,IF(C18="Hard Topic",0.7,1)) ,0)) | G18: =IF(E18="","",MAX(E18,TODAY())+F18)
F19: =IF(D19="","", ROUND( CHOOSE(MIN(D19+1,8),0,1,3,7,15,30,60,90) * IF(C19="Easy Topic",1.3,IF(C19="Hard Topic",0.7,1)) ,0)) | G19: =IF(E19="","",MAX(E19,TODAY())+F19)
... F203: =IF(D203="","", ROUND( CHOOSE(MIN(D203+1,8),0,1,3,7,15,30,60,90) * IF(C203="Easy Topic",1.3,IF(C203="Hard Topic",0.7,1)) ,0)) | G203: =IF(E203="","",MAX(E203,TODAY())+F203)

Sheet 📊 Stats
A1: 📊 YOUR PROGRESS
A3: 📚 STATUS
A4: Due Now: | B4: =COUNTIFS(Database!$G:$G,"<="&TODAY(),Database!$A:$A,"<>")+(COUNTIF(Database!$E:$E,"")-COUNTBLANK(Database!$A:$A)) -> 3
A5: Total Lessons: | B5: =COUNTA(Database!$A:$A)-3 -> 4
A6: Level 7: | B6: =COUNTIF(Database!$D:$D,7) -> 0
