Workbook

Sheet 📖 Quick Start
A1: 📖 ULTRA-SIMPLE SPACED REPETITION
A3: ⚡ DAILY USE (2 Steps Total)
A5: 1️⃣ Open "⚡ TODAY" sheet
A6: → See all lessons due today
A7: → Study each one
A8: → Click "✅ DONE" in column D
A9: → Green values appear (New Level, New Date)
A11: 2️⃣ Go to "Database" sheet
A12: → Find that lesson
A13: → Update Step (col C) with green "New Level" value
A14: → Update Last Review (col D) with green "New Date" value
A15: → (Or press Ctrl+; for today's date)
... A33: 🎓 LEARNING LEVELS
A34: Level | B34: Next Review | C34: Meaning
A35: 0 | B35: Today | C35: 🆕 Brand new - just learned
A36: 1 | B36: +1 day | C36: 📖 Recall while fresh
A37: 2 | B37: +3 days | C37: 🧠 First spacing test
A38: 3 | B38: +7 days | C38: 💪 One week retention
A39: 4 | B39: +15 days | C39: ⭐ Two weeks - getting strong
A40: 5 | B40: +30 days | C40: 🏆 One month - nearly mastered
A41: 6 | B41: +60 days | C41: 💎 Two months - very solid
A42: 7 | B42: +90 days | C42: ✅ MASTERED - review quarterly
A45: 💡 PRO TIPS FOR MEDICAL PROFESSIONALS
A46: ✓ 15-20 cards/day = 5,000+ cards/year (sustainable)
A47: ✓ Study EVERY day - even 5 minutes keeps the system working
A48: ✓ Overdue cards = priority (but don't stress - just catch up)
A49: ✓ Break big topics into small cards (e.g., "Heart" → "Chambers", "Valves", "Coronaries")
A50: ✓ Review before bed = better retention during sleep
A51: ✓ Use mnemonics and clinical scenarios in your notes
A52: ✓ Level 7 = review every 3 months to maintain forever

Sheet ⚡ TODAY
A1: ⚡ TODAY'S REVIEWS
A2: Due Now: | B2: =COUNTIFS(Database!$F:$F,"<="&TODAY(),Database!$A:$A,"<>""")+(COUNTIF(Database!$D:$D,"")-COUNTBLANK(Database!$A:$A)) -> 3
A3: 📖 Study each lesson → Click ✅ DONE → Auto-updates! (That's it!)
A4: Lesson | B4: Current Level | C4: Next Review In... | D4: Mark Done | E4: New Level | F4: New Date | G4: Status
A5: =IF(AND(Database!A4<>"",OR(Database!F4<=TODAY(),Database!D4="")),Database!A4&" - "&Database!B4,"") | B5: =IF(A5<>"","Level "&Database!C4,"") | C5: =IF(A5="","",IF(Database!F4="","START NOW",IF(Database!F4<TODAY(),"OVERDUE "&ABS(Database!F4-TODAY())&"d",Database!F4-TODAY()&" days"))) | E5: =IF(D5="✅ DONE",MIN(Database!C4+1,7),"") | F5: =IF(D5="✅ DONE",TEXT(TODAY(),"DD/MM/YY"),"") | G5: =IF(A5="","",IF(D5="✅ DONE","✅ Done","⏳ Pending"))
A6: =IF(AND(Database!A5<>"",OR(Database!F5<=TODAY(),Database!D5="")),Database!A5&" - "&Database!B5,"") -> Microbio - Viral replication | B6: =IF(A6<>"","Level "&Database!C5,"") -> Level 0 | C6: =IF(A6="","",IF(Database!F5="","START NOW",IF(Database!F5<TODAY(),"OVERDUE "&ABS(Database!F5-TODAY())&"d",Database!F5-TODAY()&" days"))) -> START NOW | E6: =IF(D6="✅ DONE",MIN(Database!C5+1,7),"") | F6: =IF(D6="✅ DONE",TEXT(TODAY(),"DD/MM/YY"),"") | G6: =IF(A6="","",IF(D6="✅ DONE","✅ Done","⏳ Pending")) -> ⏳ Pending
A7: =IF(AND(Database!A6<>"",OR(Database!F6<=TODAY(),Database!D6="")),Database!A6&" - "&Database!B6,"") | B7: =IF(A7<>"","Level "&Database!C6,"") | C7: =IF(A7="","",IF(Database!F6="","START NOW",IF(Database!F6<TODAY(),"OVERDUE "&ABS(Database!F6-TODAY())&"d",Database!F6-TODAY()&" days"))) | E7: =IF(D7="✅ DONE",MIN(Database!C6+1,7),"") | F7: =IF(D7="✅ DONE",TEXT(TODAY(),"DD/MM/YY"),"") | G7: =IF(A7="","",IF(D7="✅ DONE","✅ Done","⏳ Pending"))
A8: =IF(AND(Database!A7<>"",OR(Database!F7<=TODAY(),Database!D7="")),Database!A7&" - "&Database!B7,"") | B8: =IF(A8<>"","Level "&Database!C7,"") | C8: =IF(A8="","",IF(Database!F7="","START NOW",IF(Database!F7<TODAY(),"OVERDUE "&ABS(Database!F7-TODAY())&"d",Database!F7-TODAY()&" days"))) | E8: =IF(D8="✅ DONE",MIN(Database!C7+1,7),"") | F8: =IF(D8="✅ DONE",TEXT(TODAY(),"DD/MM/YY"),"") | G8: =IF(A8="","",IF(D8="✅ DONE","✅ Done","⏳ Pending"))
A9: =IF(AND(Database!A8<>"",OR(Database!F8<=TODAY(),Database!D8="")),Database!A8&" - "&Database!B8,"") | B9: =IF(A9<>"","Level "&Database!C8,"") | C9: =IF(A9="","",IF(Database!F8="","START NOW",IF(Database!F8<TODAY(),"OVERDUE "&ABS(Database!F8-TODAY())&"d",Database!F8-TODAY()&" days"))) | E9: =IF(D9="✅ DONE",MIN(Database!C8+1,7),"") | F9: =IF(D9="✅ DONE",TEXT(TODAY(),"DD/MM/YY"),"") | G9: =IF(A9="","",IF(D9="✅ DONE","✅ Done","⏳ Pending"))
A10: =IF(AND(Database!A9<>"",OR(Database!F9<=TODAY(),Database!D9="")),Database!A9&" - "&Database!B9,"") | B10: =IF(A10<>"","Level "&Database!C9,"") | C10: =IF(A10="","",IF(Database!F9="","START NOW",IF(Database!F9<TODAY(),"OVERDUE "&ABS(Database!F9-TODAY())&"d",Database!F9-TODAY()&" days"))) | E10: =IF(D10="✅ DONE",MIN(Database!C9+1,7),"") | F10: =IF(D10="✅ DONE",TEXT(TODAY(),"DD/MM/YY"),"") | G10: =IF(A10="","",IF(D10="✅ DONE","✅ Done","⏳ Pending"))
A11: =IF(AND(Database!A10<>"",OR(Database!F10<=TODAY(),Database!D10="")),Database!A10&" - "&Database!B10,"") | B11: =IF(A11<>"","Level "&Database!C10,"") | C11: =IF(A11="","",IF(Database!F10="","START NOW",IF(Database!F10<TODAY(),"OVERDUE "&ABS(Database!F10-TODAY())&"d",Database!F10-TODAY()&" days"))) | E11: =IF(D11="✅ DONE",MIN(Database!C10+1,7),"") | F11: =IF(D11="✅ DONE",TEXT(TODAY(),"DD/MM/YY"),"") | G11: =IF(A11="","",IF(D11="✅ DONE","✅ Done","⏳ Pending"))
A12: =IF(AND(Database!A11<>"",OR(Database!F11<=TODAY(),Database!D11="")),Database!A11&" - "&Database!B11,"") | B12: =IF(A12<>"","Level "&Database!C11,"") | C12: =IF(A12="","",IF(Database!F11="","START NOW",IF(Database!F11<TODAY(),"OVERDUE "&ABS(Database!F11-TODAY())&"d",Database!F11-TODAY()&" days"))) | E12: =IF(D12="✅ DONE",MIN(Database!C11+1,7),"") | F12: =IF(D12="✅ DONE",TEXT(TODAY(),"DD/MM/YY"),"") | G12: =IF(A12="","",IF(D12="✅ DONE","✅ Done","⏳ Pending"))
A13: =IF(AND(Database!A12<>"",OR(Database!F12<=TODAY(),Database!D12="")),Database!A12&" - "&Database!B12,"") | B13: =IF(A13<>"","Level "&Database!C12,"") | C13: =IF(A13="","",IF(Database!F12="","START NOW",IF(Database!F12<TODAY(),"OVERDUE "&ABS(Database!F12-TODAY())&"d",Database!F12-TODAY()&" days"))) | E13: =IF(D13="✅ DONE",MIN(Database!C12+1,7),"") | F13: =IF(D13="✅ DONE",TEXT(TODAY(),"DD/MM/YY"),"") | G13: =IF(A13="","",IF(D13="✅ DONE","✅ Done","⏳ Pending"))
A14: =IF(AND(Database!A13<>"",OR(Database!F13<=TODAY(),Database!D13="")),Database!A13&" - "&Database!B13,"") | B14: =IF(A14<>"","Level "&Database!C13,"") | C14: =IF(A14="","",IF(Database!F13="","START NOW",IF(Database!F13<TODAY(),"OVERDUE "&ABS(Database!F13-TODAY())&"d",Database!F13-TODAY()&" days"))) | E14: =IF(D14="✅ DONE",MIN(Database!C13+1,7),"") | F14: =IF(D14="✅ DONE",TEXT(TODAY(),"DD/MM/YY"),"") | G14: =IF(A14="","",IF(D14="✅ DONE","✅ Done","⏳ Pending"))
A15: =IF(AND(Database!A14<>"",OR(Database!F14<=TODAY(),Database!D14="")),Database!A14&" - "&Database!B14,"") | B15: =IF(A15<>"","Level "&Database!C14,"") | C15: =IF(A15="","",IF(Database!F14="","START NOW",IF(Database!F14<TODAY(),"OVERDUE "&ABS(Database!F14-TODAY())&"d",Database!F14-TODAY()&" days"))) | E15: =IF(D15="✅ DONE",MIN(Database!C14+1,7),"") | F15: =IF(D15="✅ DONE",TEXT(TODAY(),"DD/MM/YY"),"") | G15: =IF(A15="","",IF(D15="✅ DONE","✅ Done","⏳ Pending"))
A16: =IF(AND(Database!A15<>"",OR(Database!F15<=TODAY(),Database!D15="")),Database!A15&" - "&Database!B15,"") | B16: =IF(A16<>"","Level "&Database!C15,"") | C16: =IF(A16="","",IF(Database!F15="","START NOW",IF(Database!F15<TODAY(),"OVERDUE "&ABS(Database!F15-TODAY())&"d",Database!F15-TODAY()&" days"))) | E16: =IF(D16="✅ DONE",MIN(Database!C15+1,7),"") | F16: =IF(D16="✅ DONE",TEXT(TODAY(),"DD/MM/YY"),"") | G16: =IF(A16="","",IF(D16="✅ DONE","✅ Done","⏳ Pending"))
... A54: =IF(AND(Database!A53<>"",OR(Database!F53<=TODAY(),Database!D53="")),Database!A53&" - "&Database!B53,"") | B54: =IF(A54<>"","Level "&Database!C53,"") | C54: =IF(A54="","",IF(Database!F53="","START NOW",IF(Database!F53<TODAY(),"OVERDUE "&ABS(Database!F53-TODAY())&"d",Database!F53-TODAY()&" days"))) | E54: =IF(D54="✅ DONE",MIN(Database!C53+1,7),"") | F54: =IF(D54="✅ DONE",TEXT(TODAY(),"DD/MM/YY"),"") | G54: =IF(A54="","",IF(D54="✅ DONE","✅ Done","⏳ Pending"))
A56: 📋 AFTER YOU MARK DONE: Go to Database → Find that lesson → Update Step (col C) and Last Review (col D) with the green values shown above

Sheet Database
A1: DATABASE - Add Your Lessons Here
A2: ✅ SMART: Overdue lessons calculate next review from TODAY, not the past! Only edit columns A, B, C, D.
A3: Topic | B3: Lesson | C3: Step | D3: Last Review | E3: Interval | F3: Next Review
A4: Anatomy | B4: Heart chambers & valves | C4: 2 | D4: 46054 | E4: =IF(C4="","",CHOOSE(MIN(C4+1,8),0,1,3,7,15,30,60,90)) -> 3 | F4: =IF(D4="","",MAX(D4,TODAY())+E4) -> 46066
A5: Microbio | B5: Viral replication | C5: 0 | E5: =IF(C5="","",CHOOSE(MIN(C5+1,8),0,1,3,7,15,30,60,90)) -> 0 | F5: =IF(D5="","",MAX(D5,TODAY())+E5)
A6: Pharmacology | B6: Benzodiazepines MOA | C6: 1 | D6: 46062 | E6: =IF(C6="","",CHOOSE(MIN(C6+1,8),0,1,3,7,15,30,60,90)) -> 1 | F6: =IF(D6="","",MAX(D6,TODAY())+E6) -> 46064
A7: Physiology | B7: Cardiac cycle | C7: 3 | D7: 46050 | E7: =IF(C7="","",CHOOSE(MIN(C7+1,8),0,1,3,7,15,30,60,90)) -> 7 | F7: =IF(D7="","",MAX(D7,TODAY())+E7) -> 46070
E8: =IF(C8="","",CHOOSE(MIN(C8+1,8),0,1,3,7,15,30,60,90)) | F8: =IF(D8="","",MAX(D8,TODAY())+E8)
E9: =IF(C9="","",CHOOSE(MIN(C9+1,8),0,1,3,7,15,30,60,90)) | F9: =IF(D9="","",MAX(D9,TODAY())+E9)
E10: =IF(C10="","",CHOOSE(MIN(C10+1,8),0,1,3,7,15,30,60,90)) | F10: =IF(D10="","",MAX(D10,TODAY())+E10)
E11: =IF(C11="","",CHOOSE(MIN(C11+1,8),0,1,3,7,15,30,60,90)) | F11: =IF(D11="","",MAX(D11,TODAY())+E11)
E12: =IF(C12="","",CHOOSE(MIN(C12+1,8),0,1,3,7,15,30,60,90)) | F12: =IF(D12="","",MAX(D12,TODAY())+E12)
E13: =IF(C13="","",CHOOSE(MIN(C13+1,8),0,1,3,7,15,30,60,90)) | F13: =IF(D13="","",MAX(D13,TODAY())+E13)
E14: =IF(C14="","",CHOOSE(MIN(C14+1,8),0,1,3,7,15,30,60,90)) | F14: =IF(D14="","",MAX(D14,TODAY())+E14)
E15: =IF(C15="","",CHOOSE(MIN(C15+1,8),0,1,3,7,15,30,60,90)) | F15: =IF(D15="","",MAX(D15,TODAY())+E15)
E16: =IF(C16="","",CHOOSE(MIN(C16+1,8),0,1,3,7,15,30,60,90)) | F16: =IF(D16="","",MAX(D16,TODAY())+E16)
E17: =IF(C17="","",CHOOSE(MIN(C17+1,8),0,1,3,7,15,30,60,90)) | F17: =IF(D17="","",MAX(D17,TODAY())+E17)
E18: =IF(C18="","",CHOOSE(MIN(C18+1,8),0,1,3,7,15,30,60,90)) | F18: =IF(D18="","",MAX(D18,TODAY())+E18)
E19: =IF(C19="","",CHOOSE(MIN(C19+1,8),0,1,3,7,15,30,60,90)) | F19: =IF(D19="","",MAX(D19,TODAY())+E19)
... E199: =IF(C199="","",CHOOSE(MIN(C199+1,8),0,1,3,7,15,30,60,90)) | F199: =IF(D199="","",MAX(D199,TODAY())+E199)

Sheet 📊 Stats
A1: 📊 YOUR PROGRESS
A3: 📚 CURRENT STATUS
A4: Due Now: | B4: =COUNTIFS(Database!$F:$F,"<="&TODAY(),Database!$A:$A,"<>""")+(COUNTIF(Database!$D:$D,"")-COUNTBLANK(Database!$A:$A)) -> 3
A5: Overdue: | B5: =COUNTIF(Database!$C:$C,7) -> 0
A6: Coming Soon (≤7d): | B6: =COUNTIFS(Database!$F:$F,">"&TODAY(),Database!$F:$F,"<="&TODAY()+7) -> 3
A7: Total Active: | B7: =COUNTA(Database!$A:$A)-3 -> 4
A8: Mastered (Level 7): | B8: =COUNTIF(Database!$C:$C,7) -> 0
A10: 📅 UPCOMING WORKLOAD
A11: Day | B11: Date | C11: Reviews
A12: Today | B12: =TEXT(TODAY()+0,"DD/MM") -> 10/02 | C12: =COUNTIF(Database!$F:$F,TODAY()+0) -> 0
A13: Tomorrow | B13: =TEXT(TODAY()+1,"DD/MM") -> 11/02 | C13: =COUNTIF(Database!$F:$F,TODAY()+1) -> 1
A14: +2 days | B14: =TEXT(TODAY()+2,"DD/MM") -> 12/02 | C14: =COUNTIF(Database!$F:$F,TODAY()+2) -> 0
A15: +3 days | B15: =TEXT(TODAY()+3,"DD/MM") -> 13/02 | C15: =COUNTIF(Database!$F:$F,TODAY()+3) -> 1
A16: +4 days | B16: =TEXT(TODAY()+4,"DD/MM") -> 14/02 | C16: =COUNTIF(Database!$F:$F,TODAY()+4) -> 0
A17: +5 days | B17: =TEXT(TODAY()+5,"DD/MM") -> 15/02 | C17: =COUNTIF(Database!$F:$F,TODAY()+5) -> 0
A18: +6 days | B18: =TEXT(TODAY()+6,"DD/MM") -> 16/02 | C18: =COUNTIF(Database!$F:$F,TODAY()+6) -> 0
A21: ⚡ QUICK ACTIONS
A22: → Go to "⚡ TODAY" to see what's due
A23: → Go to "Database" to add new lessons
A24: → Check "Upcoming Workload" to plan ahead
