Workbook

Sheet 📈 Dashboard
A1: 📈 YOUR LEARNING DASHBOARD
A2: Today: | B2: =TEXT(TODAY(),"DD/MM/YYYY") -> 09/02/2026
A4: 📊 REVIEW STATUS
A5: 🔴 Overdue: | B5: =COUNTIF('📚 My Reviews'!$G:$G,"🔴 OVERDUE") -> 1
A6: 🟡 Due Today: | B6: =COUNTIF('📚 My Reviews'!$G:$G,"🟡 TODAY") -> 2
A7: 🟠 Due Soon (≤2d): | B7: =COUNTIF('📚 My Reviews'!$G:$G,"🟠 SOON") -> 0
A8: 🟢 Scheduled: | B8: =COUNTIF('📚 My Reviews'!$G:$G,"🟢 Later") -> 1
A9: ✅ Mastered: | B9: =COUNTIF('📚 My Reviews'!$G:$G,"✅ Mastered") -> 0
A11: 📚 LEARNING PROGRESS
A12: Total Active Cards: | B12: =COUNTA('📚 My Reviews'!$A:$A)-3 -> 4
A13: Reviews Completed: | B13: =COUNTA('📊 Review History'!$A:$A)-3 -> 3
A14: Avg Reviews/Day: | B14: =IF(COUNTA('📊 Review History'!$A:$A)<=3,0,ROUND(COUNTA('📊 Review History'!$A:$A)/30,1)) -> 0.2
A15: Retention Rate: | B15: ="Calculated from history" -> Calculated from history
A17: 📅 PREDICTED WORKLOAD (Next 7 Days)
A18: Date | B18: Day | C18: Reviews Due
A19: =TEXT(TODAY()+0,"DD/MM/YYYY") -> 09/02/2026 | B19: Today | C19: =COUNTIF('📚 My Reviews'!$E:$E,TODAY()+0) -> 2
A20: =TEXT(TODAY()+1,"DD/MM/YYYY") -> 10/02/2026 | B20: Tomorrow | C20: =COUNTIF('📚 My Reviews'!$E:$E,TODAY()+1) -> 0
A21: =TEXT(TODAY()+2,"DD/MM/YYYY") -> 11/02/2026 | B21: Day +2 | C21: =COUNTIF('📚 My Reviews'!$E:$E,TODAY()+2) -> 0
A22: =TEXT(TODAY()+3,"DD/MM/YYYY") -> 12/02/2026 | B22: Day +3 | C22: =COUNTIF('📚 My Reviews'!$E:$E,TODAY()+3) -> 0
A23: =TEXT(TODAY()+4,"DD/MM/YYYY") -> 13/02/2026 | B23: Day +4 | C23: =COUNTIF('📚 My Reviews'!$E:$E,TODAY()+4) -> 0
A24: =TEXT(TODAY()+5,"DD/MM/YYYY") -> 14/02/2026 | B24: Day +5 | C24: =COUNTIF('📚 My Reviews'!$E:$E,TODAY()+5) -> 0
A25: =TEXT(TODAY()+6,"DD/MM/YYYY") -> 15/02/2026 | B25: Day +6 | C25: =COUNTIF('📚 My Reviews'!$E:$E,TODAY()+6) -> 0
A27: ⚡ DAILY WORKFLOW (3 SECONDS PER CARD) | E27: 💡 PRO TIPS
A28: 1. Open "📚 My Reviews" sheet | E28: ⌨️ Ctrl+; = Today's date
A29: 2. Filter Status: 🔴 OVERDUE or 🟡 TODAY | E29: 🔍 Ctrl+Shift+L = Toggle filter
A30: 3. For each lesson: | E30: 📋 Ctrl+C/V = Copy/Paste
A31: ✓ Study the material | E31: 🎯 20 reviews/day = sustainable
A32: ✓ Select "✅ DONE" in Mark column | E32: 🏆 Step 7 = Mastered!
A33: ✓ Increase Step by +1 (e.g., 2 → 3) | E33: 📊 Track in History sheet
A34: ✓ Copy date from "Quick Date" → paste in "Last Review" | E34: ⚡ Consistency > Volume
A35: ✓ (Or press Ctrl+; in Last Review)
A36: 4. Done! Next Review auto-calculates
A37: 5. Optional: Copy row to Review History for tracking

Sheet 📚 My Reviews
A1: 📚 SPACED REPETITION TRACKER
A2: ⚡ QUICK START: 1) Mark DONE → 2) Step +1 → 3) Press Ctrl+; in "Last Review" → Done! (3 seconds per card)
A3: Topic | B3: Lesson | C3: Step | D3: Last Review | E3: Next Review | F3: Days | G3: Status | H3: Mark | I3: Quick Date
A4: Anatomy | B4: Heart chambers & valves | C4: 3 | D4: 46050 | E4: =IF(C4="","",IF(D4="","",D4+CHOOSE(MIN(C4+1,8),0,1,3,7,15,30,60,90))) -> 46057 | F4: =IF(E4="","",E4-TODAY()) -> -5 | G4: =IF(A4="","",IF(C4>=7,"✅ Mastered",IF(F4<0,"🔴 OVERDUE",IF(F4=0,"🟡 TODAY",IF(F4<=2,"🟠 SOON","🟢 Later"))))) -> 🔴 OVERDUE | I4: =IF(H4="✅ DONE",TEXT(TODAY(),"DD/MM/YYYY"),"")
A5: Microbiology | B5: Viral replication cycle | C5: 0 | E5: =IF(C5="","",IF(D5="","",D5+CHOOSE(MIN(C5+1,8),0,1,3,7,15,30,60,90))) | F5: =IF(E5="","",E5-TODAY()) | G5: =IF(A5="","",IF(C5>=7,"✅ Mastered",IF(F5<0,"🔴 OVERDUE",IF(F5=0,"🟡 TODAY",IF(F5<=2,"🟠 SOON","🟢 Later"))))) -> 🟢 Later | I5: =IF(H5="✅ DONE",TEXT(TODAY(),"DD/MM/YYYY"),"")
A6: Pharmacology | B6: Benzodiazepine mechanism | C6: 2 | D6: 46059 | E6: =IF(C6="","",IF(D6="","",D6+CHOOSE(MIN(C6+1,8),0,1,3,7,15,30,60,90))) -> 46062 | F6: =IF(E6="","",E6-TODAY()) -> 0 | G6: =IF(A6="","",IF(C6>=7,"✅ Mastered",IF(F6<0,"🔴 OVERDUE",IF(F6=0,"🟡 TODAY",IF(F6<=2,"🟠 SOON","🟢 Later"))))) -> 🟡 TODAY | I6: =IF(H6="✅ DONE",TEXT(TODAY(),"DD/MM/YYYY"),"")
A7: Physiology | B7: Cardiac conduction system | C7: 1 | D7: 46061 | E7: =IF(C7="","",IF(D7="","",D7+CHOOSE(MIN(C7+1,8),0,1,3,7,15,30,60,90))) -> 46062 | F7: =IF(E7="","",E7-TODAY()) -> 0 | G7: =IF(A7="","",IF(C7>=7,"✅ Mastered",IF(F7<0,"🔴 OVERDUE",IF(F7=0,"🟡 TODAY",IF(F7<=2,"🟠 SOON","🟢 Later"))))) -> 🟡 TODAY | I7: =IF(H7="✅ DONE",TEXT(TODAY(),"DD/MM/YYYY"),"")
E8: =IF(C8="","",IF(D8="","",D8+CHOOSE(MIN(C8+1,8),0,1,3,7,15,30,60,90))) | F8: =IF(E8="","",E8-TODAY()) | G8: =IF(A8="","",IF(C8>=7,"✅ Mastered",IF(F8<0,"🔴 OVERDUE",IF(F8=0,"🟡 TODAY",IF(F8<=2,"🟠 SOON","🟢 Later"))))) | I8: =IF(H8="✅ DONE",TEXT(TODAY(),"DD/MM/YYYY"),"")
E9: =IF(C9="","",IF(D9="","",D9+CHOOSE(MIN(C9+1,8),0,1,3,7,15,30,60,90))) | F9: =IF(E9="","",E9-TODAY()) | G9: =IF(A9="","",IF(C9>=7,"✅ Mastered",IF(F9<0,"🔴 OVERDUE",IF(F9=0,"🟡 TODAY",IF(F9<=2,"🟠 SOON","🟢 Later"))))) | I9: =IF(H9="✅ DONE",TEXT(TODAY(),"DD/MM/YYYY"),"")
E10: =IF(C10="","",IF(D10="","",D10+CHOOSE(MIN(C10+1,8),0,1,3,7,15,30,60,90))) | F10: =IF(E10="","",E10-TODAY()) | G10: =IF(A10="","",IF(C10>=7,"✅ Mastered",IF(F10<0,"🔴 OVERDUE",IF(F10=0,"🟡 TODAY",IF(F10<=2,"🟠 SOON","🟢 Later"))))) | I10: =IF(H10="✅ DONE",TEXT(TODAY(),"DD/MM/YYYY"),"")
E11: =IF(C11="","",IF(D11="","",D11+CHOOSE(MIN(C11+1,8),0,1,3,7,15,30,60,90))) | F11: =IF(E11="","",E11-TODAY()) | G11: =IF(A11="","",IF(C11>=7,"✅ Mastered",IF(F11<0,"🔴 OVERDUE",IF(F11=0,"🟡 TODAY",IF(F11<=2,"🟠 SOON","🟢 Later"))))) | I11: =IF(H11="✅ DONE",TEXT(TODAY(),"DD/MM/YYYY"),"")
E12: =IF(C12="","",IF(D12="","",D12+CHOOSE(MIN(C12+1,8),0,1,3,7,15,30,60,90))) | F12: =IF(E12="","",E12-TODAY()) | G12: =IF(A12="","",IF(C12>=7,"✅ Mastered",IF(F12<0,"🔴 OVERDUE",IF(F12=0,"🟡 TODAY",IF(F12<=2,"🟠 SOON","🟢 Later"))))) | I12: =IF(H12="✅ DONE",TEXT(TODAY(),"DD/MM/YYYY"),"")
E13: =IF(C13="","",IF(D13="","",D13+CHOOSE(MIN(C13+1,8),0,1,3,7,15,30,60,90))) | F13: =IF(E13="","",E13-TODAY()) | G13: =IF(A13="","",IF(C13>=7,"✅ Mastered",IF(F13<0,"🔴 OVERDUE",IF(F13=0,"🟡 TODAY",IF(F13<=2,"🟠 SOON","🟢 Later"))))) | I13: =IF(H13="✅ DONE",TEXT(TODAY(),"DD/MM/YYYY"),"")
E14: =IF(C14="","",IF(D14="","",D14+CHOOSE(MIN(C14+1,8),0,1,3,7,15,30,60,90))) | F14: =IF(E14="","",E14-TODAY()) | G14: =IF(A14="","",IF(C14>=7,"✅ Mastered",IF(F14<0,"🔴 OVERDUE",IF(F14=0,"🟡 TODAY",IF(F14<=2,"🟠 SOON","🟢 Later"))))) | I14: =IF(H14="✅ DONE",TEXT(TODAY(),"DD/MM/YYYY"),"")
E15: =IF(C15="","",IF(D15="","",D15+CHOOSE(MIN(C15+1,8),0,1,3,7,15,30,60,90))) | F15: =IF(E15="","",E15-TODAY()) | G15: =IF(A15="","",IF(C15>=7,"✅ Mastered",IF(F15<0,"🔴 OVERDUE",IF(F15=0,"🟡 TODAY",IF(F15<=2,"🟠 SOON","🟢 Later"))))) | I15: =IF(H15="✅ DONE",TEXT(TODAY(),"DD/MM/YYYY"),"")
E16: =IF(C16="","",IF(D16="","",D16+CHOOSE(MIN(C16+1,8),0,1,3,7,15,30,60,90))) | F16: =IF(E16="","",E16-TODAY()) | G16: =IF(A16="","",IF(C16>=7,"✅ Mastered",IF(F16<0,"🔴 OVERDUE",IF(F16=0,"🟡 TODAY",IF(F16<=2,"🟠 SOON","🟢 Later"))))) | I16: =IF(H16="✅ DONE",TEXT(TODAY(),"DD/MM/YYYY"),"")
E17: =IF(C17="","",IF(D17="","",D17+CHOOSE(MIN(C17+1,8),0,1,3,7,15,30,60,90))) | F17: =IF(E17="","",E17-TODAY()) | G17: =IF(A17="","",IF(C17>=7,"✅ Mastered",IF(F17<0,"🔴 OVERDUE",IF(F17=0,"🟡 TODAY",IF(F17<=2,"🟠 SOON","🟢 Later"))))) | I17: =IF(H17="✅ DONE",TEXT(TODAY(),"DD/MM/YYYY"),"")
E18: =IF(C18="","",IF(D18="","",D18+CHOOSE(MIN(C18+1,8),0,1,3,7,15,30,60,90))) | F18: =IF(E18="","",E18-TODAY()) | G18: =IF(A18="","",IF(C18>=7,"✅ Mastered",IF(F18<0,"🔴 OVERDUE",IF(F18=0,"🟡 TODAY",IF(F18<=2,"🟠 SOON","🟢 Later"))))) | I18: =IF(H18="✅ DONE",TEXT(TODAY(),"DD/MM/YYYY"),"")
E19: =IF(C19="","",IF(D19="","",D19+CHOOSE(MIN(C19+1,8),0,1,3,7,15,30,60,90))) | F19: =IF(E19="","",E19-TODAY()) | G19: =IF(A19="","",IF(C19>=7,"✅ Mastered",IF(F19<0,"🔴 OVERDUE",IF(F19=0,"🟡 TODAY",IF(F19<=2,"🟠 SOON","🟢 Later"))))) | I19: =IF(H19="✅ DONE",TEXT(TODAY(),"DD/MM/YYYY"),"")
... E150: =IF(C150="","",IF(D150="","",D150+CHOOSE(MIN(C150+1,8),0,1,3,7,15,30,60,90))) | F150: =IF(E150="","",E150-TODAY()) | G150: =IF(A150="","",IF(C150>=7,"✅ Mastered",IF(F150<0,"🔴 OVERDUE",IF(F150=0,"🟡 TODAY",IF(F150<=2,"🟠 SOON","🟢 Later"))))) | I150: =IF(H150="✅ DONE",TEXT(TODAY(),"DD/MM/YYYY"),"")

Sheet 📊 Review History
A1: 📊 REVIEW HISTORY LOG
A2: Automatic log of all your reviews. Copy rows from main sheet when you complete them!
A3: Date | B3: Topic | C3: Lesson | D3: Step Completed | E3: Next Review
A4: 46061 | B4: Physiology | C4: Cardiac conduction system | D4: Step 1 → 2 | E4: 46064
A5: 46059 | B5: Pharmacology | C5: Benzodiazepine mechanism | D5: Step 1 → 2 | E5: 46062
A6: 46050 | B6: Anatomy | C6: Heart chambers & valves | D6: Step 2 → 3 | E6: 46057

Sheet ❓ Quick Guide
A1: ❓ QUICK GUIDE - How Everything Works
A3: 🎯 THE 3-SECOND REVIEW PROCESS
A5: 1️⃣ Mark "✅ DONE" in column H
A6: → Row highlights yellow
A7: → "Quick Date" shows today automatically
A9: 2️⃣ Increase Step by +1
A10: → Example: 2 becomes 3
A12: 3️⃣ Copy date from "Quick Date" (column I) → Paste in "Last Review" (column D)
A13: → OR just press Ctrl+; in "Last Review"
A15: ✨ Next Review auto-calculates!
A16: ✨ Status updates automatically!
A18: 📋 INTERVAL SCHEDULE
A19: Step | B19: Next Review | C19: Why This Works
A20: 0 | B20: Today | C20: First exposure - learn it
A21: 1 | B21: +1 day | C21: Recall while fresh
A22: 2 | B22: +3 days | C22: First spacing gap
A23: 3 | B23: +7 days | C23: One week test
A24: 4 | B24: +15 days | C24: Two week retention
A25: 5 | B25: +30 days | C25: One month - entering long-term
A26: 6 | B26: +60 days | C26: Two months - solidifying
A27: 7 | B27: +90 days | C27: ✅ MASTERED - review quarterly
A30: 🧠 WHY SPACED REPETITION WORKS
A31: ✓ Fights the forgetting curve - reviews happen just before you forget
A32: ✓ Builds long-term memory - moves info from short to permanent storage
A33: ✓ Efficient - focus time on what you're about to forget
A34: ✓ Proven - used by med students worldwide (Anki has 100M+ downloads)
A35: ✓ Sustainable - 20 cards/day = 7,300 cards/year with high retention
