Workbook

Sheet 📊 Dashboard
A1: 📊 YOUR PROGRESS
A2: Today: | B2: =TEXT(TODAY(),"DD/MM/YYYY") -> 09/02/2026
A4: REVIEW STATUS
A5: 🔴 OVERDUE: | B5: =COUNTIF('SRS Tracker'!$G:$G,"🔴 OVERDUE") -> 1
A6: 🟡 DUE TODAY: | B6: =COUNTIF('SRS Tracker'!$G:$G,"🟡 TODAY") -> 1
A7: 🟠 DUE SOON: | B7: =COUNTIF('SRS Tracker'!$G:$G,"🟠 SOON") -> 0
A8: 🟢 LATER: | B8: =COUNTIF('SRS Tracker'!$G:$G,"🟢 LATER") -> 1
A10: 📚 TOTAL ACTIVE: | B10: =COUNTA('SRS Tracker'!$A:$A)-3 -> 3
A13: 🎯 DAILY WORKFLOW
A14: 1. Check stats above
A15: 2. Go to SRS Tracker sheet
A16: 3. Filter Status: "🔴 OVERDUE" or "🟡 TODAY"
A17: 4. Study each lesson
A18: 5. In that row:
A19: • Type "DONE" in Action column
A20: • Increase Step by +1
A21: • Enter today in Last Review (Ctrl+;)
A22: 6. Next Review auto-updates!
A23: 7. Clear filter to see all
A25: 💡 QUICK TIPS
... A30: ✓ 20 cards/day is sustainable

Sheet SRS Tracker
A1: 📚 SPACED REPETITION SYSTEM
A2: HOW TO USE: Add lessons → When you study: type DONE in H → increment Step (C) by +1 → enter today in Last Review (D) → Done!
A3: Topic | B3: Lesson | C3: Step | D3: Last Review | E3: Next Review | F3: Days Left | G3: Status | H3: Action
A4: Anatomy | B4: Heart chambers & valves | C4: 2 | D4: 46042 | E4: =IF(C4="","",IF(D4="","",D4+CHOOSE(C4+1,0,1,3,7,15,30,60,90))) -> 46045 | F4: =IF(E4="","",E4-TODAY()) -> -17 | G4: =IF(A4="","",IF(F4<0,"🔴 OVERDUE",IF(F4=0,"🟡 TODAY",IF(F4<=2,"🟠 SOON","🟢 LATER")))) -> 🔴 OVERDUE
A5: Microbiology | B5: Viral replication mechanisms | C5: 0 | E5: =IF(C5="","",IF(D5="","",D5+CHOOSE(C5+1,0,1,3,7,15,30,60,90))) | F5: =IF(E5="","",E5-TODAY()) | G5: =IF(A5="","",IF(F5<0,"🔴 OVERDUE",IF(F5=0,"🟡 TODAY",IF(F5<=2,"🟠 SOON","🟢 LATER")))) -> 🟢 LATER
A6: Pharmacology | B6: Benzodiazepine MOA | C6: 1 | D6: 46061 | E6: =IF(C6="","",IF(D6="","",D6+CHOOSE(C6+1,0,1,3,7,15,30,60,90))) -> 46062 | F6: =IF(E6="","",E6-TODAY()) -> 0 | G6: =IF(A6="","",IF(F6<0,"🔴 OVERDUE",IF(F6=0,"🟡 TODAY",IF(F6<=2,"🟠 SOON","🟢 LATER")))) -> 🟡 TODAY
E7: =IF(C7="","",IF(D7="","",D7+CHOOSE(C7+1,0,1,3,7,15,30,60,90))) | F7: =IF(E7="","",E7-TODAY()) | G7: =IF(A7="","",IF(F7<0,"🔴 OVERDUE",IF(F7=0,"🟡 TODAY",IF(F7<=2,"🟠 SOON","🟢 LATER"))))
E8: =IF(C8="","",IF(D8="","",D8+CHOOSE(C8+1,0,1,3,7,15,30,60,90))) | F8: =IF(E8="","",E8-TODAY()) | G8: =IF(A8="","",IF(F8<0,"🔴 OVERDUE",IF(F8=0,"🟡 TODAY",IF(F8<=2,"🟠 SOON","🟢 LATER"))))
E9: =IF(C9="","",IF(D9="","",D9+CHOOSE(C9+1,0,1,3,7,15,30,60,90))) | F9: =IF(E9="","",E9-TODAY()) | G9: =IF(A9="","",IF(F9<0,"🔴 OVERDUE",IF(F9=0,"🟡 TODAY",IF(F9<=2,"🟠 SOON","🟢 LATER"))))
E10: =IF(C10="","",IF(D10="","",D10+CHOOSE(C10+1,0,1,3,7,15,30,60,90))) | F10: =IF(E10="","",E10-TODAY()) | G10: =IF(A10="","",IF(F10<0,"🔴 OVERDUE",IF(F10=0,"🟡 TODAY",IF(F10<=2,"🟠 SOON","🟢 LATER"))))
E11: =IF(C11="","",IF(D11="","",D11+CHOOSE(C11+1,0,1,3,7,15,30,60,90))) | F11: =IF(E11="","",E11-TODAY()) | G11: =IF(A11="","",IF(F11<0,"🔴 OVERDUE",IF(F11=0,"🟡 TODAY",IF(F11<=2,"🟠 SOON","🟢 LATER"))))
E12: =IF(C12="","",IF(D12="","",D12+CHOOSE(C12+1,0,1,3,7,15,30,60,90))) | F12: =IF(E12="","",E12-TODAY()) | G12: =IF(A12="","",IF(F12<0,"🔴 OVERDUE",IF(F12=0,"🟡 TODAY",IF(F12<=2,"🟠 SOON","🟢 LATER"))))
E13: =IF(C13="","",IF(D13="","",D13+CHOOSE(C13+1,0,1,3,7,15,30,60,90))) | F13: =IF(E13="","",E13-TODAY()) | G13: =IF(A13="","",IF(F13<0,"🔴 OVERDUE",IF(F13=0,"🟡 TODAY",IF(F13<=2,"🟠 SOON","🟢 LATER"))))
E14: =IF(C14="","",IF(D14="","",D14+CHOOSE(C14+1,0,1,3,7,15,30,60,90))) | F14: =IF(E14="","",E14-TODAY()) | G14: =IF(A14="","",IF(F14<0,"🔴 OVERDUE",IF(F14=0,"🟡 TODAY",IF(F14<=2,"🟠 SOON","🟢 LATER"))))
E15: =IF(C15="","",IF(D15="","",D15+CHOOSE(C15+1,0,1,3,7,15,30,60,90))) | F15: =IF(E15="","",E15-TODAY()) | G15: =IF(A15="","",IF(F15<0,"🔴 OVERDUE",IF(F15=0,"🟡 TODAY",IF(F15<=2,"🟠 SOON","🟢 LATER"))))
E16: =IF(C16="","",IF(D16="","",D16+CHOOSE(C16+1,0,1,3,7,15,30,60,90))) | F16: =IF(E16="","",E16-TODAY()) | G16: =IF(A16="","",IF(F16<0,"🔴 OVERDUE",IF(F16=0,"🟡 TODAY",IF(F16<=2,"🟠 SOON","🟢 LATER"))))
E17: =IF(C17="","",IF(D17="","",D17+CHOOSE(C17+1,0,1,3,7,15,30,60,90))) | F17: =IF(E17="","",E17-TODAY()) | G17: =IF(A17="","",IF(F17<0,"🔴 OVERDUE",IF(F17=0,"🟡 TODAY",IF(F17<=2,"🟠 SOON","🟢 LATER"))))
E18: =IF(C18="","",IF(D18="","",D18+CHOOSE(C18+1,0,1,3,7,15,30,60,90))) | F18: =IF(E18="","",E18-TODAY()) | G18: =IF(A18="","",IF(F18<0,"🔴 OVERDUE",IF(F18=0,"🟡 TODAY",IF(F18<=2,"🟠 SOON","🟢 LATER"))))
... E150: =IF(C150="","",IF(D150="","",D150+CHOOSE(C150+1,0,1,3,7,15,30,60,90))) | F150: =IF(E150="","",E150-TODAY()) | G150: =IF(A150="","",IF(F150<0,"🔴 OVERDUE",IF(F150=0,"🟡 TODAY",IF(F150<=2,"🟠 SOON","🟢 LATER"))))

Sheet ⚙️ Intervals
A1: INTERVAL SCHEDULE
A3: Step | B3: Delay (days) | C3: When
A4: 0 | B4: 0 | C4: Today (first study)
A5: 1 | B5: 1 | C5: Tomorrow
A6: 2 | B6: 3 | C6: 3 days later
A7: 3 | B7: 7 | C7: 1 week later
A8: 4 | B8: 15 | C8: 2 weeks later
A9: 5 | B9: 30 | C9: 1 month later
A10: 6 | B10: 60 | C10: 2 months later
A11: 7 | B11: 90 | C11: 3 months later
A13: HOW IT WORKS:
A14: • Start at Step 0 (first study)
A15: • After studying, increase Step by 1
A16: • Enter today's date in "Last Review"
A17: • Next Review auto-calculates
A18: • Repeat until Step 7 (mastered!)
A20: TIP: Use Ctrl+; to enter today's date quickly
