Workbook

Sheet Review Tracker
A1: SPACED REPETITION TRACKER - Main Database
A2: ⚠️ DO NOT edit this sheet directly! Use "To Study Today" sheet for daily reviews. Only add new lessons here.
A3: Category | B3: Sub-category | C3: Lesson Name | D3: Notes | E3: First Study (J0) | F3: J1 (+1d) | G3: J3 (+3d) | H3: J7 (+7d) | I3: J15 (+15d) | J3: J30 (+30d) | K3: J60 (+60d) | L3: J90 (+90d) | M3: Next Review | N3: Status
A4: Anatomy | B4: Cardiology | C4: Heart anatomy basics | D4: Chapter 1-3 | E4: 46054 | F4: =IF(E4="","",E4+1) -> 46055 | G4: =IF(OR(E4="",F4=""),"",MAX(E4,F4)+3) -> 46058 | H4: =IF(OR(E4="",G4=""),"",MAX(E4,F4,G4)+7) -> 46065 | I4: =IF(OR(E4="",H4=""),"",MAX(E4,F4,G4,H4)+15) -> 46080 | J4: =IF(OR(E4="",I4=""),"",MAX(E4,F4,G4,H4,I4)+30) -> 46110 | K4: =IF(OR(E4="",J4=""),"",MAX(E4,F4,G4,H4,I4,J4)+60) -> 46170 | L4: =IF(OR(E4="",K4=""),"",MAX(E4,F4,G4,H4,I4,J4,K4)+90) -> 46260 | M4: =IF(E4="","Not Started",IF(F4="",F4,IF(G4="",G4,IF(H4="",H4,IF(I4="",I4,IF(J4="",J4,IF(K4="",K4,IF(L4="",L4,"Complete")))))))) -> Complete | N4: =IF(E4="","",IF(M4="Complete","✅ Complete",IF(M4="Not Started","",IF(M4<TODAY(),"🔴 OVERDUE",IF(M4=TODAY(),"🟡 DUE TODAY","🟢 Upcoming"))))) -> ✅ Complete
A5: Microbiology | B5: Virology | C5: Viral structure | E5: 46056 | F5: =IF(E5="","",E5+1) -> 46057 | G5: =IF(OR(E5="",F5=""),"",MAX(E5,F5)+3) -> 46060 | H5: =IF(OR(E5="",G5=""),"",MAX(E5,F5,G5)+7) -> 46067 | I5: =IF(OR(E5="",H5=""),"",MAX(E5,F5,G5,H5)+15) -> 46082 | J5: =IF(OR(E5="",I5=""),"",MAX(E5,F5,G5,H5,I5)+30) -> 46112 | K5: =IF(OR(E5="",J5=""),"",MAX(E5,F5,G5,H5,I5,J5)+60) -> 46172 | L5: =IF(OR(E5="",K5=""),"",MAX(E5,F5,G5,H5,I5,J5,K5)+90) -> 46262 | M5: =IF(E5="","Not Started",IF(F5="",F5,IF(G5="",G5,IF(H5="",H5,IF(I5="",I5,IF(J5="",J5,IF(K5="",K5,IF(L5="",L5,"Complete")))))))) -> Complete | N5: =IF(E5="","",IF(M5="Complete","✅ Complete",IF(M5="Not Started","",IF(M5<TODAY(),"🔴 OVERDUE",IF(M5=TODAY(),"🟡 DUE TODAY","🟢 Upcoming"))))) -> ✅ Complete
A6: Pharmacology | B6: CNS drugs | C6: Benzodiazepines | D6: Focus on mechanism | E6: 46058 | F6: =IF(E6="","",E6+1) -> 46059 | G6: =IF(OR(E6="",F6=""),"",MAX(E6,F6)+3) -> 46062 | H6: =IF(OR(E6="",G6=""),"",MAX(E6,F6,G6)+7) -> 46069 | I6: =IF(OR(E6="",H6=""),"",MAX(E6,F6,G6,H6)+15) -> 46084 | J6: =IF(OR(E6="",I6=""),"",MAX(E6,F6,G6,H6,I6)+30) -> 46114 | K6: =IF(OR(E6="",J6=""),"",MAX(E6,F6,G6,H6,I6,J6)+60) -> 46174 | L6: =IF(OR(E6="",K6=""),"",MAX(E6,F6,G6,H6,I6,J6,K6)+90) -> 46264 | M6: =IF(E6="","Not Started",IF(F6="",F6,IF(G6="",G6,IF(H6="",H6,IF(I6="",I6,IF(J6="",J6,IF(K6="",K6,IF(L6="",L6,"Complete")))))))) -> Complete | N6: =IF(E6="","",IF(M6="Complete","✅ Complete",IF(M6="Not Started","",IF(M6<TODAY(),"🔴 OVERDUE",IF(M6=TODAY(),"🟡 DUE TODAY","🟢 Upcoming"))))) -> ✅ Complete
F7: =IF(E7="","",E7+1) | G7: =IF(OR(E7="",F7=""),"",MAX(E7,F7)+3) | H7: =IF(OR(E7="",G7=""),"",MAX(E7,F7,G7)+7) | I7: =IF(OR(E7="",H7=""),"",MAX(E7,F7,G7,H7)+15) | J7: =IF(OR(E7="",I7=""),"",MAX(E7,F7,G7,H7,I7)+30) | K7: =IF(OR(E7="",J7=""),"",MAX(E7,F7,G7,H7,I7,J7)+60) | L7: =IF(OR(E7="",K7=""),"",MAX(E7,F7,G7,H7,I7,J7,K7)+90) | M7: =IF(E7="","Not Started",IF(F7="",F7,IF(G7="",G7,IF(H7="",H7,IF(I7="",I7,IF(J7="",J7,IF(K7="",K7,IF(L7="",L7,"Complete")))))))) -> Not Started | N7: =IF(E7="","",IF(M7="Complete","✅ Complete",IF(M7="Not Started","",IF(M7<TODAY(),"🔴 OVERDUE",IF(M7=TODAY(),"🟡 DUE TODAY","🟢 Upcoming")))))
F8: =IF(E8="","",E8+1) | G8: =IF(OR(E8="",F8=""),"",MAX(E8,F8)+3) | H8: =IF(OR(E8="",G8=""),"",MAX(E8,F8,G8)+7) | I8: =IF(OR(E8="",H8=""),"",MAX(E8,F8,G8,H8)+15) | J8: =IF(OR(E8="",I8=""),"",MAX(E8,F8,G8,H8,I8)+30) | K8: =IF(OR(E8="",J8=""),"",MAX(E8,F8,G8,H8,I8,J8)+60) | L8: =IF(OR(E8="",K8=""),"",MAX(E8,F8,G8,H8,I8,J8,K8)+90) | M8: =IF(E8="","Not Started",IF(F8="",F8,IF(G8="",G8,IF(H8="",H8,IF(I8="",I8,IF(J8="",J8,IF(K8="",K8,IF(L8="",L8,"Complete")))))))) -> Not Started | N8: =IF(E8="","",IF(M8="Complete","✅ Complete",IF(M8="Not Started","",IF(M8<TODAY(),"🔴 OVERDUE",IF(M8=TODAY(),"🟡 DUE TODAY","🟢 Upcoming")))))
F9: =IF(E9="","",E9+1) | G9: =IF(OR(E9="",F9=""),"",MAX(E9,F9)+3) | H9: =IF(OR(E9="",G9=""),"",MAX(E9,F9,G9)+7) | I9: =IF(OR(E9="",H9=""),"",MAX(E9,F9,G9,H9)+15) | J9: =IF(OR(E9="",I9=""),"",MAX(E9,F9,G9,H9,I9)+30) | K9: =IF(OR(E9="",J9=""),"",MAX(E9,F9,G9,H9,I9,J9)+60) | L9: =IF(OR(E9="",K9=""),"",MAX(E9,F9,G9,H9,I9,J9,K9)+90) | M9: =IF(E9="","Not Started",IF(F9="",F9,IF(G9="",G9,IF(H9="",H9,IF(I9="",I9,IF(J9="",J9,IF(K9="",K9,IF(L9="",L9,"Complete")))))))) -> Not Started | N9: =IF(E9="","",IF(M9="Complete","✅ Complete",IF(M9="Not Started","",IF(M9<TODAY(),"🔴 OVERDUE",IF(M9=TODAY(),"🟡 DUE TODAY","🟢 Upcoming")))))
F10: =IF(E10="","",E10+1) | G10: =IF(OR(E10="",F10=""),"",MAX(E10,F10)+3) | H10: =IF(OR(E10="",G10=""),"",MAX(E10,F10,G10)+7) | I10: =IF(OR(E10="",H10=""),"",MAX(E10,F10,G10,H10)+15) | J10: =IF(OR(E10="",I10=""),"",MAX(E10,F10,G10,H10,I10)+30) | K10: =IF(OR(E10="",J10=""),"",MAX(E10,F10,G10,H10,I10,J10)+60) | L10: =IF(OR(E10="",K10=""),"",MAX(E10,F10,G10,H10,I10,J10,K10)+90) | M10: =IF(E10="","Not Started",IF(F10="",F10,IF(G10="",G10,IF(H10="",H10,IF(I10="",I10,IF(J10="",J10,IF(K10="",K10,IF(L10="",L10,"Complete")))))))) -> Not Started | N10: =IF(E10="","",IF(M10="Complete","✅ Complete",IF(M10="Not Started","",IF(M10<TODAY(),"🔴 OVERDUE",IF(M10=TODAY(),"🟡 DUE TODAY","🟢 Upcoming")))))
F11: =IF(E11="","",E11+1) | G11: =IF(OR(E11="",F11=""),"",MAX(E11,F11)+3) | H11: =IF(OR(E11="",G11=""),"",MAX(E11,F11,G11)+7) | I11: =IF(OR(E11="",H11=""),"",MAX(E11,F11,G11,H11)+15) | J11: =IF(OR(E11="",I11=""),"",MAX(E11,F11,G11,H11,I11)+30) | K11: =IF(OR(E11="",J11=""),"",MAX(E11,F11,G11,H11,I11,J11)+60) | L11: =IF(OR(E11="",K11=""),"",MAX(E11,F11,G11,H11,I11,J11,K11)+90) | M11: =IF(E11="","Not Started",IF(F11="",F11,IF(G11="",G11,IF(H11="",H11,IF(I11="",I11,IF(J11="",J11,IF(K11="",K11,IF(L11="",L11,"Complete")))))))) -> Not Started | N11: =IF(E11="","",IF(M11="Complete","✅ Complete",IF(M11="Not Started","",IF(M11<TODAY(),"🔴 OVERDUE",IF(M11=TODAY(),"🟡 DUE TODAY","🟢 Upcoming")))))
F12: =IF(E12="","",E12+1) | G12: =IF(OR(E12="",F12=""),"",MAX(E12,F12)+3) | H12: =IF(OR(E12="",G12=""),"",MAX(E12,F12,G12)+7) | I12: =IF(OR(E12="",H12=""),"",MAX(E12,F12,G12,H12)+15) | J12: =IF(OR(E12="",I12=""),"",MAX(E12,F12,G12,H12,I12)+30) | K12: =IF(OR(E12="",J12=""),"",MAX(E12,F12,G12,H12,I12,J12)+60) | L12: =IF(OR(E12="",K12=""),"",MAX(E12,F12,G12,H12,I12,J12,K12)+90) | M12: =IF(E12="","Not Started",IF(F12="",F12,IF(G12="",G12,IF(H12="",H12,IF(I12="",I12,IF(J12="",J12,IF(K12="",K12,IF(L12="",L12,"Complete")))))))) -> Not Started | N12: =IF(E12="","",IF(M12="Complete","✅ Complete",IF(M12="Not Started","",IF(M12<TODAY(),"🔴 OVERDUE",IF(M12=TODAY(),"🟡 DUE TODAY","🟢 Upcoming")))))
F13: =IF(E13="","",E13+1) | G13: =IF(OR(E13="",F13=""),"",MAX(E13,F13)+3) | H13: =IF(OR(E13="",G13=""),"",MAX(E13,F13,G13)+7) | I13: =IF(OR(E13="",H13=""),"",MAX(E13,F13,G13,H13)+15) | J13: =IF(OR(E13="",I13=""),"",MAX(E13,F13,G13,H13,I13)+30) | K13: =IF(OR(E13="",J13=""),"",MAX(E13,F13,G13,H13,I13,J13)+60) | L13: =IF(OR(E13="",K13=""),"",MAX(E13,F13,G13,H13,I13,J13,K13)+90) | M13: =IF(E13="","Not Started",IF(F13="",F13,IF(G13="",G13,IF(H13="",H13,IF(I13="",I13,IF(J13="",J13,IF(K13="",K13,IF(L13="",L13,"Complete")))))))) -> Not Started | N13: =IF(E13="","",IF(M13="Complete","✅ Complete",IF(M13="Not Started","",IF(M13<TODAY(),"🔴 OVERDUE",IF(M13=TODAY(),"🟡 DUE TODAY","🟢 Upcoming")))))
F14: =IF(E14="","",E14+1) | G14: =IF(OR(E14="",F14=""),"",MAX(E14,F14)+3) | H14: =IF(OR(E14="",G14=""),"",MAX(E14,F14,G14)+7) | I14: =IF(OR(E14="",H14=""),"",MAX(E14,F14,G14,H14)+15) | J14: =IF(OR(E14="",I14=""),"",MAX(E14,F14,G14,H14,I14)+30) | K14: =IF(OR(E14="",J14=""),"",MAX(E14,F14,G14,H14,I14,J14)+60) | L14: =IF(OR(E14="",K14=""),"",MAX(E14,F14,G14,H14,I14,J14,K14)+90) | M14: =IF(E14="","Not Started",IF(F14="",F14,IF(G14="",G14,IF(H14="",H14,IF(I14="",I14,IF(J14="",J14,IF(K14="",K14,IF(L14="",L14,"Complete")))))))) -> Not Started | N14: =IF(E14="","",IF(M14="Complete","✅ Complete",IF(M14="Not Started","",IF(M14<TODAY(),"🔴 OVERDUE",IF(M14=TODAY(),"🟡 DUE TODAY","🟢 Upcoming")))))
F15: =IF(E15="","",E15+1) | G15: =IF(OR(E15="",F15=""),"",MAX(E15,F15)+3) | H15: =IF(OR(E15="",G15=""),"",MAX(E15,F15,G15)+7) | I15: =IF(OR(E15="",H15=""),"",MAX(E15,F15,G15,H15)+15) | J15: =IF(OR(E15="",I15=""),"",MAX(E15,F15,G15,H15,I15)+30) | K15: =IF(OR(E15="",J15=""),"",MAX(E15,F15,G15,H15,I15,J15)+60) | L15: =IF(OR(E15="",K15=""),"",MAX(E15,F15,G15,H15,I15,J15,K15)+90) | M15: =IF(E15="","Not Started",IF(F15="",F15,IF(G15="",G15,IF(H15="",H15,IF(I15="",I15,IF(J15="",J15,IF(K15="",K15,IF(L15="",L15,"Complete")))))))) -> Not Started | N15: =IF(E15="","",IF(M15="Complete","✅ Complete",IF(M15="Not Started","",IF(M15<TODAY(),"🔴 OVERDUE",IF(M15=TODAY(),"🟡 DUE TODAY","🟢 Upcoming")))))
F16: =IF(E16="","",E16+1) | G16: =IF(OR(E16="",F16=""),"",MAX(E16,F16)+3) | H16: =IF(OR(E16="",G16=""),"",MAX(E16,F16,G16)+7) | I16: =IF(OR(E16="",H16=""),"",MAX(E16,F16,G16,H16)+15) | J16: =IF(OR(E16="",I16=""),"",MAX(E16,F16,G16,H16,I16)+30) | K16: =IF(OR(E16="",J16=""),"",MAX(E16,F16,G16,H16,I16,J16)+60) | L16: =IF(OR(E16="",K16=""),"",MAX(E16,F16,G16,H16,I16,J16,K16)+90) | M16: =IF(E16="","Not Started",IF(F16="",F16,IF(G16="",G16,IF(H16="",H16,IF(I16="",I16,IF(J16="",J16,IF(K16="",K16,IF(L16="",L16,"Complete")))))))) -> Not Started | N16: =IF(E16="","",IF(M16="Complete","✅ Complete",IF(M16="Not Started","",IF(M16<TODAY(),"🔴 OVERDUE",IF(M16=TODAY(),"🟡 DUE TODAY","🟢 Upcoming")))))
F17: =IF(E17="","",E17+1) | G17: =IF(OR(E17="",F17=""),"",MAX(E17,F17)+3) | H17: =IF(OR(E17="",G17=""),"",MAX(E17,F17,G17)+7) | I17: =IF(OR(E17="",H17=""),"",MAX(E17,F17,G17,H17)+15) | J17: =IF(OR(E17="",I17=""),"",MAX(E17,F17,G17,H17,I17)+30) | K17: =IF(OR(E17="",J17=""),"",MAX(E17,F17,G17,H17,I17,J17)+60) | L17: =IF(OR(E17="",K17=""),"",MAX(E17,F17,G17,H17,I17,J17,K17)+90) | M17: =IF(E17="","Not Started",IF(F17="",F17,IF(G17="",G17,IF(H17="",H17,IF(I17="",I17,IF(J17="",J17,IF(K17="",K17,IF(L17="",L17,"Complete")))))))) -> Not Started | N17: =IF(E17="","",IF(M17="Complete","✅ Complete",IF(M17="Not Started","",IF(M17<TODAY(),"🔴 OVERDUE",IF(M17=TODAY(),"🟡 DUE TODAY","🟢 Upcoming")))))
F18: =IF(E18="","",E18+1) | G18: =IF(OR(E18="",F18=""),"",MAX(E18,F18)+3) | H18: =IF(OR(E18="",G18=""),"",MAX(E18,F18,G18)+7) | I18: =IF(OR(E18="",H18=""),"",MAX(E18,F18,G18,H18)+15) | J18: =IF(OR(E18="",I18=""),"",MAX(E18,F18,G18,H18,I18)+30) | K18: =IF(OR(E18="",J18=""),"",MAX(E18,F18,G18,H18,I18,J18)+60) | L18: =IF(OR(E18="",K18=""),"",MAX(E18,F18,G18,H18,I18,J18,K18)+90) | M18: =IF(E18="","Not Started",IF(F18="",F18,IF(G18="",G18,IF(H18="",H18,IF(I18="",I18,IF(J18="",J18,IF(K18="",K18,IF(L18="",L18,"Complete")))))))) -> Not Started | N18: =IF(E18="","",IF(M18="Complete","✅ Complete",IF(M18="Not Started","",IF(M18<TODAY(),"🔴 OVERDUE",IF(M18=TODAY(),"🟡 DUE TODAY","🟢 Upcoming")))))
... F99: =IF(E99="","",E99+1) | G99: =IF(OR(E99="",F99=""),"",MAX(E99,F99)+3) | H99: =IF(OR(E99="",G99=""),"",MAX(E99,F99,G99)+7) | I99: =IF(OR(E99="",H99=""),"",MAX(E99,F99,G99,H99)+15) | J99: =IF(OR(E99="",I99=""),"",MAX(E99,F99,G99,H99,I99)+30) | K99: =IF(OR(E99="",J99=""),"",MAX(E99,F99,G99,H99,I99,J99)+60) | L99: =IF(OR(E99="",K99=""),"",MAX(E99,F99,G99,H99,I99,J99,K99)+90) | M99: =IF(E99="","Not Started",IF(F99="",F99,IF(G99="",G99,IF(H99="",H99,IF(I99="",I99,IF(J99="",J99,IF(K99="",K99,IF(L99="",L99,"Complete")))))))) -> Not Started | N99: =IF(E99="","",IF(M99="Complete","✅ Complete",IF(M99="Not Started","",IF(M99<TODAY(),"🔴 OVERDUE",IF(M99=TODAY(),"🟡 DUE TODAY","🟢 Upcoming")))))

Sheet 📚 To Study Today
A1: 📚 TODAY'S STUDY SESSION
A2: Today: | B2: =TODAY() -> 46062
A3: ✏️ INSTRUCTIONS: Review each lesson below. Mark as "✅ Studied" when done. The date will auto-fill in the tracker!
A4: Row# | B4: Category | C4: Lesson Name | D4: Scheduled | E4: Which Review? | F4: Action | G4: Notes | H4: Auto-Date
A5: 📝 TO ADD COMPLETION: When you mark "✅ Studied", copy the date from column H and paste it into the Review Tracker sheet in the correct review column (J1, J3, J7, etc.)
A6: HOW IT WORKS:
A7: 1. Lessons that are DUE TODAY or OVERDUE will show in the "🔴 Must Complete" sheet automatically
A8: 2. To review: Go to "Review Tracker", find lessons with 🟡 or 🔴 in Status column
A9: 3. Study the lesson, then enter TODAY'S DATE in the appropriate review column (J1, J3, J7, etc.)
A10: 4. The system will automatically calculate your next review date!
H11: =IF(F11="✅ Studied",TODAY(),"")
A12: QUICK REFERENCE - Which column to fill?
A13: If Next Review Shows... | B13: Fill This Column... | C13: Formula Shows... | H13: =IF(F13="✅ Studied",TODAY(),"")
A14: A date in column F (J1) | B14: Column F in Review Tracker | C14: '=E+1 | H14: =IF(F14="✅ Studied",TODAY(),"")
A15: A date in column G (J3) | B15: Column G in Review Tracker | C15: '=MAX(E,F)+3 | H15: =IF(F15="✅ Studied",TODAY(),"")
A16: A date in column H (J7) | B16: Column H in Review Tracker | C16: '=MAX(E,F,G)+7 | H16: =IF(F16="✅ Studied",TODAY(),"")
A17: A date in column I (J15) | B17: Column I in Review Tracker | C17: '=MAX(E,F,G,H)+15 | H17: =IF(F17="✅ Studied",TODAY(),"")
A18: A date in column J (J30) | B18: Column J in Review Tracker | C18: '=MAX(E,F,G,H,I)+30 | H18: =IF(F18="✅ Studied",TODAY(),"")
H19: =IF(F19="✅ Studied",TODAY(),"")
H20: =IF(F20="✅ Studied",TODAY(),"")
H21: =IF(F21="✅ Studied",TODAY(),"")
H22: =IF(F22="✅ Studied",TODAY(),"")
H23: =IF(F23="✅ Studied",TODAY(),"")
H24: =IF(F24="✅ Studied",TODAY(),"")
H25: =IF(F25="✅ Studied",TODAY(),"")
H26: =IF(F26="✅ Studied",TODAY(),"")
H27: =IF(F27="✅ Studied",TODAY(),"")
H28: =IF(F28="✅ Studied",TODAY(),"")
H29: =IF(F29="✅ Studied",TODAY(),"")
H30: =IF(F30="✅ Studied",TODAY(),"")
... H100: =IF(F100="✅ Studied",TODAY(),"")

Sheet 🔴 Must Complete
A1: 🔴 OVERDUE REVIEWS - Priority Action Required!
A2: ⚠️ These lessons are past their review date. Complete them as soon as possible to stay on track!
A3: Row# | B3: Category | C3: Lesson Name | D3: Was Due | E3: Days Overdue | F3: Which Review? | G3: Priority
A4: These lessons are pulled automatically from Review Tracker where Status = 🔴 OVERDUE
A6: TO FIND OVERDUE LESSONS:
A7: 1. Go to "Review Tracker" sheet
A8: 2. Look for rows with 🔴 OVERDUE in the Status column (Column N)
A9: 3. Priority: Study these BEFORE today's reviews!
A11: STATISTICS:
A12: Total Overdue: | B12: =COUNTIFS('Review Tracker'!$N:$N,"🔴 OVERDUE") -> 0
A13: Most Overdue By: | B13: =MAX(IF('Review Tracker'!$N:$N="🔴 OVERDUE",TODAY()-'Review Tracker'!$M:$M,0)) -> 0 | C13: days
A15: 💡 TIP: Use AutoFilter on Review Tracker to see only overdue items:
A16: • Go to Review Tracker sheet
A17: • Click on any cell in row 3 (header row)
A18: • Press Ctrl+Shift+L (or Data → Filter)
A19: • Click dropdown in Status column → Select only "🔴 OVERDUE"

Sheet 📊 Dashboard
A1: 📊 STUDY DASHBOARD
A2: Today: | B2: =TODAY() -> 46062
A4: REVIEW STATISTICS
A5: 🔴 Overdue (URGENT): | B5: =COUNTIFS('Review Tracker'!$N:$N,"🔴 OVERDUE") -> 0
A6: 🟡 Due today: | B6: =COUNTIFS('Review Tracker'!$N:$N,"🟡 DUE TODAY") -> 0
A7: 🟢 Upcoming (next 7 days): | B7: =COUNTIFS('Review Tracker'!$M:$M,">"&TODAY(),'Review Tracker'!$M:$M,"<="&TODAY()+7,'Review Tracker'!$N:$N,"🟢 Upcoming") -> 0
A8: ✅ Completed lessons: | B8: =COUNTIFS('Review Tracker'!$N:$N,"✅ Complete") -> 3
A9: 📚 Total active lessons: | B9: =COUNTA('Review Tracker'!$E:$E)-COUNTBLANK('Review Tracker'!$E:$E)-1 -> -1048569
A11: 📋 DAILY WORKFLOW:
A12: 1️⃣ Check your stats above
A13: 2️⃣ Go to "📚 To Study Today" sheet
A14: 3️⃣ Review each lesson listed
A15: 4️⃣ Mark as "✅ Studied" in the Action column
A16: 5️⃣ Copy the auto-date and paste it to Review Tracker
A17: 6️⃣ Check "🔴 Must Complete" for overdue items
A19: 🧠 SPACED REPETITION PRINCIPLES:
A20: ✓ Active Recall: Test yourself, don't just re-read
A21: ✓ Consistency: Review daily to prevent backlog
A22: ✓ Just-in-Time: Review just before forgetting
A23: ✓ Long-term Memory: Moves knowledge to permanent storage
A24: ✓ Efficiency: Saves time by optimizing review timing

Sheet ⚙️ Settings
A1: ⚙️ SPACED REPETITION SETTINGS
A3: Review Interval Presets
A4: Preset Type | B4: J0 | C4: Intervals (days) | D4: Description
A5: Classic (Current) | B5: 0 | C5: 1, 3, 7, 15, 30, 60, 90 | D5: Scientifically optimal - recommended
A6: Intensive | B6: 0 | C6: 1, 2, 5, 10, 20, 40, 80 | D6: For exam preparation
A7: Relaxed | B7: 0 | C7: 2, 5, 14, 30, 90, 180 | D7: Long-term retention focus
A8: Quick Review | B8: 0 | C8: 1, 3, 10, 30 | D8: For easier material
A11: 🎓 TIPS FOR MEDICAL STUDENTS:
A12: • Break large topics into smaller lessons (e.g., "Heart anatomy" → "Chambers", "Valves", "Vessels")
A13: • Study consistently every day - even 20 minutes maintains the system
A14: • Use active recall: Close your notes and explain concepts aloud
A15: • If you miss a day, the system adapts when you mark completion
A16: • Prioritize overdue reviews - they're about to be forgotten!
A17: • For clinical knowledge, add patient scenarios in Notes column
A18: • Review formulas: Review Tracker row shows intervals automatically
