Workbook

Sheet AIO
A1: 🎯 MEDICAL SRS - COMMAND CENTER [lesson-database]
A2: Today: | B2: =TEXT(TODAY(),"DDDD, MMMM DD, YYYY") -> Wednesday, February 11, 2026
A4: 🔥 DUE TODAY | C4: 📆 TOMORROW | E4: 📈 THIS WEEK | G4: ⏱️ TIME TODAY
A5: =COUNTIFS('lesson-database'!$G:$G,"<="&TODAY(),'lesson-database'!$A:$A,"<>""")+(COUNTIF('lesson-database'!$E:$E,"")-COUNTBLANK('lesson-database'!$A:$A)) -> 179 | C5: =COUNTIF('lesson-database'!$G:$G,TODAY()+1) -> 1 | E5: =SUMPRODUCT(('lesson-database'!$G:$G>=TODAY())*('lesson-database'!$G:$G<=TODAY()+7)*('lesson-database'!$A:$A<>"")) -> 1 | G5: =ROUND(A5*3/60,1)&" hrs" -> 9 hrs
A7: 📊 TODAY'S PROGRESS
A8: Completed: | B8: =COUNTIFS('lesson-database'!$G:$G,"<="&TODAY(),'lesson-database'!$E:$E,TODAY()) -> 0 | D8: Remaining: | E8: =MAX(0,A5-B8) -> 179 | G8: Progress: | H8: =IF(A5=0,"100%",ROUND(B8/A5*100,0)&"%") -> 0%
A9: Progress Bar:
A11: 🎓 MASTERY DISTRIBUTION | F11: 📅 7-DAY WORKLOAD
A12: Level | B12: Count | C12: % | D12: Status | F12: Day | G12: Due | H12: Load
A13: 0-1 (Weak) | B13: =COUNTIF('lesson-database'!$D:$D,0)+COUNTIF('lesson-database'!$D:$D,1) -> 90 | C13: =IF(COUNTA('lesson-database'!$D:$D)=0,0,B13/COUNTA('lesson-database'!$D:$D)) -> 0.98901099 | D13: 🔴 Needs Work | F13: =TEXT(TODAY()+0,"ddd MM/DD") -> Wed 02/11 | G13: =COUNTIF('lesson-database'!$G:$G,TODAY()+0) -> 0 | H13: =IF(G13>25,"🔴 Heavy",IF(G13>15,"🟡 Busy","🟢 Light")) -> 🟢 Light
A14: 2-3 (Learning) | B14: =COUNTIF('lesson-database'!$D:$D,2)+COUNTIF('lesson-database'!$D:$D,3) -> 0 | C14: =IF(COUNTA('lesson-database'!$D:$D)=0,0,B14/COUNTA('lesson-database'!$D:$D)) -> 0 | D14: 🟡 Building | F14: =TEXT(TODAY()+1,"ddd MM/DD") -> Thu 02/12 | G14: =COUNTIF('lesson-database'!$G:$G,TODAY()+1) -> 1 | H14: =IF(G14>25,"🔴 Heavy",IF(G14>15,"🟡 Busy","🟢 Light")) -> 🟢 Light
A15: 4-5 (Strong) | B15: =COUNTIF('lesson-database'!$D:$D,4)+COUNTIF('lesson-database'!$D:$D,5) -> 0 | C15: =IF(COUNTA('lesson-database'!$D:$D)=0,0,B15/COUNTA('lesson-database'!$D:$D)) -> 0 | D15: 🟢 Good | F15: =TEXT(TODAY()+2,"ddd MM/DD") -> Fri 02/13 | G15: =COUNTIF('lesson-database'!$G:$G,TODAY()+2) -> 0 | H15: =IF(G15>25,"🔴 Heavy",IF(G15>15,"🟡 Busy","🟢 Light")) -> 🟢 Light
A16: 6-7 (Mastered) | B16: =COUNTIF('lesson-database'!$D:$D,6)+COUNTIF('lesson-database'!$D:$D,7) -> 0 | C16: =IF(COUNTA('lesson-database'!$D:$D)=0,0,B16/COUNTA('lesson-database'!$D:$D)) -> 0 | D16: ✅ Excellent | F16: =TEXT(TODAY()+3,"ddd MM/DD") -> Sat 02/14 | G16: =COUNTIF('lesson-database'!$G:$G,TODAY()+3) -> 0 | H16: =IF(G16>25,"🔴 Heavy",IF(G16>15,"🟡 Busy","🟢 Light")) -> 🟢 Light
F17: =TEXT(TODAY()+4,"ddd MM/DD") -> Sun 02/15 | G17: =COUNTIF('lesson-database'!$G:$G,TODAY()+4) -> 0 | H17: =IF(G17>25,"🔴 Heavy",IF(G17>15,"🟡 Busy","🟢 Light")) -> 🟢 Light
A18: 🚨 OVERDUE BY SEVERITY | F18: 📚 TOP SUBJECTS
A19: Severity | B19: Count | C19: Days | D19: Action | F19: Subject | G19: Total | H19: Due
A20: 🔴 Critical | B20: =COUNTIFS('lesson-database'!$G:$G,"<"&TODAY()-10,'lesson-database'!$A:$A,"<>") -> 89 | C20: 10+ days | D20: ⚠️ URGENT! | F20: Tramatologie | G20: =COUNTIF('lesson-database'!$A:$A,F20) -> 19 | H20: =COUNTIFS('lesson-database'!$A:$A,F20,'lesson-database'!$G:$G,"<="&TODAY()) -> 18
A21: 🟠 High | B21: =COUNTIFS('lesson-database'!$G:$G,"<"&TODAY()-5,'lesson-database'!$G:$G,">="&TODAY()-10) -> 0 | C21: 5-9 days | D21: Priority | F21: Pédiatrie | G21: =COUNTIF('lesson-database'!$A:$A,F21) -> 0 | H21: =COUNTIFS('lesson-database'!$A:$A,F21,'lesson-database'!$G:$G,"<="&TODAY()) -> 0
A22: 🟡 Medium | B22: =COUNTIFS('lesson-database'!$G:$G,"<"&TODAY()-1,'lesson-database'!$G:$G,">="&TODAY()-5) -> 0 | C22: 2-4 days | D22: Soon | F22: Cardio | G22: =COUNTIF('lesson-database'!$A:$A,F22) -> 0 | H22: =COUNTIFS('lesson-database'!$A:$A,F22,'lesson-database'!$G:$G,"<="&TODAY()) -> 0
A23: 🟢 Today | B23: =COUNTIF('lesson-database'!$G:$G,TODAY()) -> 0 | C23: 0 days | D23: Study Now | F23: Neuro | G23: =COUNTIF('lesson-database'!$A:$A,F23) -> 0 | H23: =COUNTIFS('lesson-database'!$A:$A,F23,'lesson-database'!$G:$G,"<="&TODAY()) -> 0
A25: ⚡ QUICK ACTIONS
A26: → Go to "lesson-database" sheet to study & update
A27: → Filter by Status: "⚡ STUDY NOW" to see due lessons
A28: → After studying: Update Last Review (Ctrl+;) & Mastery level
A29: → Calendar syncs automatically every hour

Sheet lesson-database
A1: 1 module/j - 1 new lesson per day / EARLY BIRD : ""1h/day, also important to recharge battery , stop don't do nothing dikr, like 30min of rest pomodoro | I1: (Auto-filled by script)
A2: Subject | B2: Topic | C2: Status | D2: Mastery | E2: Last Review | F2: Interval | G2: Next Review
A3: Tramatologie | B3: Fc coude + Avant bras | C3: =IF(G3 <= TODAY(), "⚡ STUDY NOW", "✅ Wait") -> ⚡ STUDY NOW | D3: 0 | F3: =CHOOSE(D3+1, 1, 3, 10, 15, 30, 60, 90, 120) -> 1 | G3: =E3 + F3 -> 1
A4: Tramatologie | B4: Fractures de la diaphyse humérale | C4: =IF(G4 <= TODAY(), "⚡ STUDY NOW", "✅ Wait") -> ⚡ STUDY NOW | D4: 0 | F4: =CHOOSE(D4+1, 1, 3, 7, 14, 30, 60, 90, 120) -> 1 | G4: =E4 + F4 -> 1
A5: Tramatologie | B5: Fractures de la palette humérale | C5: =IF(G5 <= TODAY(), "⚡ STUDY NOW", "✅ Wait") -> ✅ Wait | D5: 0 | E5: 46064 | F5: =CHOOSE(D5+1, 1, 3, 7, 14, 30, 60, 90, 120) -> 1 | G5: =E5 + F5 -> 46065 | H5: ✅ | I5: nhovhbkf1jao847fnlfg2kerp4@google.com
A6: Tramatologie | B6: Fractures du poignet (scaphoide) | C6: =IF(G6 <= TODAY(), "⚡ STUDY NOW", "✅ Wait") -> ⚡ STUDY NOW | D6: 0 | F6: =CHOOSE(D6+1, 1, 3, 7, 14, 30, 60, 90, 120) -> 1 | G6: =E6 + F6 -> 1
A7: Tramatologie | B7: Infections de la main | C7: =IF(G7 <= TODAY(), "⚡ STUDY NOW", "✅ Wait") -> ⚡ STUDY NOW | D7: 0 | F7: =CHOOSE(D7+1, 1, 3, 7, 14, 30, 60, 90, 120) -> 1 | G7: =E7 + F7 -> 1
A8: Tramatologie | B8: Traumas du bassin / Luxation de la hanche | C8: =IF(G8 <= TODAY(), "⚡ STUDY NOW", "✅ Wait") -> ⚡ STUDY NOW | D8: 0 | F8: =CHOOSE(D8+1, 1, 3, 7, 14, 30, 60, 90, 120) -> 1 | G8: =E8 + F8 -> 1
A9: Tramatologie | B9: Fractures de l'extrémité supérieur du fémur | C9: =IF(G9 <= TODAY(), "⚡ STUDY NOW", "✅ Wait") -> ⚡ STUDY NOW | D9: 0 | F9: =CHOOSE(D9+1, 1, 3, 7, 14, 30, 60, 90, 120) -> 1 | G9: =E9 + F9 -> 1
A10: Tramatologie | B10: Fractures du genou | C10: =IF(G10 <= TODAY(), "⚡ STUDY NOW", "✅ Wait") -> ⚡ STUDY NOW | D10: 0 | F10: =CHOOSE(D10+1, 1, 3, 7, 14, 30, 60, 90, 120) -> 1 | G10: =E10 + F10 -> 1
A11: Tramatologie | B11: Lésions méniscoligamentaires du genou | C11: =IF(G11 <= TODAY(), "⚡ STUDY NOW", "✅ Wait") -> ⚡ STUDY NOW | D11: 0 | F11: =CHOOSE(D11+1, 1, 3, 7, 14, 30, 60, 90, 120) -> 1 | G11: =E11 + F11 -> 1
A12: Tramatologie | B12: Trauma de la cheville | C12: =IF(G12 <= TODAY(), "⚡ STUDY NOW", "✅ Wait") -> ⚡ STUDY NOW | D12: 0 | F12: =CHOOSE(D12+1, 1, 3, 7, 14, 30, 60, 90, 120) -> 1 | G12: =E12 + F12 -> 1
A13: Tramatologie | B13: Traumatismes vasculaires | C13: =IF(G13 <= TODAY(), "⚡ STUDY NOW", "✅ Wait") -> ⚡ STUDY NOW | D13: 0 | F13: =CHOOSE(D13+1, 1, 3, 7, 14, 30, 60, 90, 120) -> 1 | G13: =E13 + F13 -> 1
A14: Tramatologie | B14: Fracture du fémur | C14: =IF(G14 <= TODAY(), "⚡ STUDY NOW", "✅ Wait") -> ⚡ STUDY NOW | D14: 0 | F14: =CHOOSE(D14+1, 1, 3, 7, 14, 30, 60, 90, 120) -> 1 | G14: =E14 + F14 -> 1
A15: Tramatologie | B15: Fracture de la jambe | C15: =IF(G15 <= TODAY(), "⚡ STUDY NOW", "✅ Wait") -> ⚡ STUDY NOW | D15: 0 | F15: =CHOOSE(D15+1, 1, 3, 7, 14, 30, 60, 90, 120) -> 1 | G15: =E15 + F15 -> 1
A16: Tramatologie | B16: Traumas de l'épaule | C16: =IF(G16 <= TODAY(), "⚡ STUDY NOW", "✅ Wait") -> ⚡ STUDY NOW | D16: 0 | F16: =CHOOSE(D16+1, 1, 3, 7, 14, 30, 60, 90, 120) -> 1 | G16: =E16 + F16 -> 1
A17: Tramatologie | B17: Plaies de la main | C17: =IF(G17 <= TODAY(), "⚡ STUDY NOW", "✅ Wait") -> ⚡ STUDY NOW | D17: 0 | F17: =CHOOSE(D17+1, 1, 3, 7, 14, 30, 60, 90, 120) -> 1 | G17: =E17 + F17 -> 1
... A92: Immuno | B92: Immunosupresseurs | C92: =IF(G92 <= TODAY(), "⚡ STUDY NOW", "✅ Wait") -> ⚡ STUDY NOW | D92: 0 | F92: =CHOOSE(D92+1, 1, 3, 7, 14, 30, 60, 90, 120) -> 1 | G92: =E92 + F92 -> 1

Sheet Hebdomadaire
A1: put here a list of cours to view during this week
B2: Make a small calendar grid where each day shows how many reviews are planned.
B4: You will immediately see:
B6: overloaded days
B8: empty days
B10: bad distribution
B12: This helps you reschedule before it explodes.

Sheet Sheet2

Sheet Guide
A1: in short select last review : update it to current date when study (ctrl + ; = insert today's date), and then update level | these are the two changes
A2: 1️⃣ THE DAILY ROUTINE (3 Steps)
A4: Goal: Spend 100% of your time studying, not managing the sheet.
A6: Step A: FILTER 🔍
A8: 1. Go to the "Status" column (Col G).
A10: 2. Click the filter arrow.
A12: 3. Select only "⚡ STUDY NOW".
A14: (Now you see only what is urgent today.)
A16: Step B: ACTIVE RECALL 💭
A18: 1. Look at the Topic (Col B).
A20: 2. Look away and attempt to recall the facts/mechanisms.
A22: 3. Check your notes/textbook to verify.
... A39: Be honest. The algorithm only works if you are truthful about your memory.
A41: If you felt... | B41: Action to take | C41: Result
A42: ❌ Forgot / Wrong | B42: Change Level to 0 | C42: Resets. You will see this again Tomorrow.
A43: 😐 Hard / Hesitant | B43: Keep Level the SAME | C43: Repeats interval. You will see it again Soon.
A44: ✅ Good / Easy | B44: Increase Level by +1 | C44: Expands interval. You will see it Later.
A45: Max Level: Once you reach Level 7, you have mastered the topic (Review every ~4 months).
A49: 3️⃣ ADDING NEW LESSONS
A51: 1. Scroll to the bottom of your list.
A53: 2. Type the Subject and Topic.
A55: 3. Set Last Review to Today (Ctrl + ;).
A57: 4. Set Current Level to 0.
A59: (This ensures you review it tomorrow to lock it in immediately.)
A63: 💡 PRO TIPS FOR MEDICAL STUDENTS
A65: 🚫 The "Exam Cram" Mode:
A67: If you have an exam coming up, forget the "Status" column. Instead, sort the sheet by Current Level (Smallest to Largest). Focus entirely on Level 0, 1, and 2 topics. Don't waste time reviewing Level 5+ during cram week.
A69: 📅 Missed a few days?
A71: Don't panic. Unlike rigid schedules, this system pauses when you stop. Just open the sheet, filter for "⚡ STUDY NOW," and chip away at the list. Start with the hardest topics first.
... A1018: Column I (Event ID) is managed automatically by the script.

Sheet S7
A1: Recensement S7
A3: Drive (click here)
A4: current promo ressources (click here)
A6: Maladies de l’enfant :
A8: Pédiatrie :
A10: Pr Ait Sab:
A12: [x] Hématuries
A13: [x] Glomérulonéphrites aigue chez l'enfant
A14: [x] PROTEINURIE
A15: [x] SYNDROME NEPHROTIQUE
A16: [x] Purpura rhumatoide
A17: [x] Arthralgies et arthrite chez l'enfant
... A294: [x] Immunothérapie (just introduction done)
